n,seed,d,d_info,delta,status,error,ARI,NMI,converged,n_iter,method,dimensions_used,feature_f1,runtime_sec,pca_variance_explained,mean_selected_score
200,1,100,10,2.0,ok,,0.9135071816281082,0.9069378303867457,True,9,PCA+diag-GMM,50,,0.15706327199950465,0.8133350186136206,
200,1,100,10,2.0,ok,,1.0,1.0,True,2,LaplacianScore+diag-GMM,10,1.0,0.0379367519999505,,0.414226039366498
200,2,100,10,2.0,ok,,0.2481057938494012,0.378479831676626,True,26,PCA+diag-GMM,50,,0.12165593300051114,0.8131700535611474,
200,2,100,10,2.0,ok,,1.0,1.0,True,3,LaplacianScore+diag-GMM,10,1.0,0.03960380399985297,,0.44986289408165164
200,3,100,10,2.0,ok,,0.9700038858602408,0.9589289790781194,True,5,PCA+diag-GMM,50,,0.14844407100099488,0.8175086319669336,
200,3,100,10,2.0,ok,,1.0,1.0,True,2,LaplacianScore+diag-GMM,10,1.0,0.03923187999862421,,0.3939774675270448
200,4,100,10,2.0,ok,,0.9849996249906248,0.9763460183015862,True,5,PCA+diag-GMM,50,,0.09719769600087602,0.813672249852424,
200,4,100,10,2.0,ok,,0.9849996249906248,0.9763460183015862,True,3,LaplacianScore+diag-GMM,10,1.0,0.04156957099985448,,0.44351481653129043
200,5,100,10,2.0,ok,,0.9700015680998493,0.9526893130045085,True,4,PCA+diag-GMM,50,,0.11432326199974341,0.8169090611779909,
200,5,100,10,2.0,ok,,0.9849996249906248,0.9763460183015862,True,2,LaplacianScore+diag-GMM,10,1.0,0.038508808000187855,,0.40489355261873194
200,6,100,10,2.0,ok,,1.0,1.0,True,10,PCA+diag-GMM,50,,0.11761752999882447,0.8161302028222504,
200,6,100,10,2.0,ok,,1.0,1.0,True,2,LaplacianScore+diag-GMM,10,1.0,0.04475931600063632,,0.42529681956619464
200,7,100,10,2.0,ok,,0.9849996249906248,0.9763460183015862,True,4,PCA+diag-GMM,50,,0.11298993200034602,0.813372196154281,
200,7,100,10,2.0,ok,,1.0,1.0,True,2,LaplacianScore+diag-GMM,10,1.0,0.03530210799908673,,0.4279426133777678
200,8,100,10,2.0,ok,,0.43764355128148,0.5045236924658408,True,8,PCA+diag-GMM,50,,0.11835497799984296,0.8135287884433998,
200,8,100,10,2.0,ok,,1.0,1.0,True,2,LaplacianScore+diag-GMM,10,1.0,0.037180545999945025,,0.3847144267431508
200,9,100,10,2.0,ok,,0.9699992499812495,0.952692036603173,True,5,PCA+diag-GMM,50,,0.09941592699942703,0.8134745840605494,
200,9,100,10,2.0,ok,,0.9700038858602408,0.9589289790781194,True,2,LaplacianScore+diag-GMM,10,1.0,0.03890148000027693,,0.43027217676522833
200,10,100,10,2.0,ok,,0.18045358459866231,0.2667835718622298,True,40,PCA+diag-GMM,50,,0.17281154400006926,0.8120132379097965,
200,10,100,10,2.0,ok,,0.9848865697285946,0.9763112474994169,True,2,LaplacianScore+diag-GMM,10,1.0,0.036209587000485044,,0.4098688097517441
200,11,100,10,2.0,ok,,0.43070822079147314,0.5603049717988353,True,19,PCA+diag-GMM,50,,0.16346904000056384,0.8132261088563604,
200,11,100,10,2.0,ok,,1.0,1.0,True,2,LaplacianScore+diag-GMM,10,1.0,0.05811936399913975,,0.44064450182691023
200,12,100,10,2.0,ok,,0.9700015680998493,0.9526893130045085,True,9,PCA+diag-GMM,50,,0.1243181089994323,0.814947794373904,
200,12,100,10,2.0,ok,,0.9702265283904825,0.9527609983309226,True,2,LaplacianScore+diag-GMM,10,1.0,0.03682018200015591,,0.39126250735861456
200,13,100,10,2.0,ok,,0.9699992499812495,0.9526920366031736,True,4,PCA+diag-GMM,50,,0.10861247799948615,0.8148857574046791,
200,13,100,10,2.0,ok,,1.0,1.0,True,2,LaplacianScore+diag-GMM,10,1.0,0.03466681099962443,,0.42562431739683204
200,14,100,10,2.0,ok,,0.9850007840499246,0.9763449138590041,True,6,PCA+diag-GMM,50,,0.14737737200084666,0.817877437271315,
200,14,100,10,2.0,ok,,0.9850007840499246,0.9763449138590041,True,2,LaplacianScore+diag-GMM,10,1.0,0.03842018400064262,,0.4006899896230215
200,15,100,10,2.0,ok,,0.9553553171476478,0.9439234090278289,True,7,PCA+diag-GMM,50,,0.11556900600044173,0.8120371507829406,
200,15,100,10,2.0,ok,,1.0,1.0,True,2,LaplacianScore+diag-GMM,10,1.0,0.03957494499991299,,0.46260020665309065
200,16,100,10,2.0,ok,,0.9849996249906248,0.9763460183015862,True,4,PCA+diag-GMM,50,,0.13898288199925446,0.8135636543869714,
200,16,100,10,2.0,ok,,1.0,1.0,True,2,LaplacianScore+diag-GMM,10,1.0,0.034983464000106324,,0.39370002267626913
200,17,100,10,2.0,ok,,0.9848865697285946,0.9763112474994169,True,12,PCA+diag-GMM,50,,0.10828865899929951,0.8121792547377862,
200,17,100,10,2.0,ok,,1.0,1.0,True,2,LaplacianScore+diag-GMM,10,1.0,0.03334452799936116,,0.42082828637936265
200,18,100,10,2.0,ok,,0.9702288289475778,0.9589991862510546,True,14,PCA+diag-GMM,50,,0.10868617499909305,0.8131615137016699,
200,18,100,10,2.0,ok,,0.9849996249906248,0.9763460183015862,True,2,LaplacianScore+diag-GMM,10,1.0,0.03963757800011081,,0.4430913503981063
200,19,100,10,2.0,ok,,1.0,1.0,True,7,PCA+diag-GMM,50,,0.10131391800132405,0.8135947602802202,
200,19,100,10,2.0,ok,,1.0,1.0,True,2,LaplacianScore+diag-GMM,10,1.0,0.03570952100017166,,0.4817940738061516
200,20,100,10,2.0,ok,,0.9702288289475778,0.9589991862510547,True,13,PCA+diag-GMM,50,,0.13525442999889492,0.8115023323870397,
200,20,100,10,2.0,ok,,1.0,1.0,True,2,LaplacianScore+diag-GMM,10,1.0,0.0358582610006124,,0.4164724997020043
1000,1,100,10,2.0,ok,,0.9880150904169895,0.9764735697438046,True,3,PCA+diag-GMM,50,,0.09469419200104312,0.6810536941234137,
1000,1,100,10,2.0,ok,,0.9940120542038232,0.9888677227532202,True,2,LaplacianScore+diag-GMM,10,1.0,0.07763557099860918,,0.35782052538147585
1000,2,100,10,2.0,ok,,1.0,1.0,True,3,PCA+diag-GMM,50,,0.08232874300119875,0.6769058885342605,
1000,2,100,10,2.0,ok,,1.0,1.0,True,2,LaplacianScore+diag-GMM,10,1.0,0.07904276699991897,,0.3644016455540924
1000,3,100,10,2.0,ok,,1.0,1.0,True,2,PCA+diag-GMM,50,,0.08134112799962168,0.6796471488165733,
1000,3,100,10,2.0,ok,,1.0,1.0,True,2,LaplacianScore+diag-GMM,10,1.0,0.0622524139998859,,0.37411823169844527
1000,4,100,10,2.0,ok,,1.0,1.0,True,2,PCA+diag-GMM,50,,0.06986270299967146,0.6776295247072686,
1000,4,100,10,2.0,ok,,1.0,1.0,True,2,LaplacianScore+diag-GMM,10,1.0,0.06709792499896139,,0.3551403721020545
1000,5,100,10,2.0,ok,,0.9940120180601143,0.9876086482064032,True,2,PCA+diag-GMM,50,,0.08497866699872247,0.6789269941316736,
1000,5,100,10,2.0,ok,,0.9970015045323003,0.9938029489046497,True,2,LaplacianScore+diag-GMM,10,1.0,0.06476123600077699,,0.3506391970354464
1000,6,100,10,2.0,ok,,0.9910135858709991,0.9826706392158682,True,2,PCA+diag-GMM,50,,0.1130794689997856,0.6775689902156341,
1000,6,100,10,2.0,ok,,0.996996990984967,0.9938015906454756,True,2,LaplacianScore+diag-GMM,10,1.0,0.11195825699905981,,0.36316301669065204
1000,7,100,10,2.0,ok,,0.9940030181141498,0.9876058850126191,True,2,PCA+diag-GMM,50,,0.11673184299979766,0.677827276048786,
1000,7,100,10,2.0,ok,,0.9940030181141498,0.9876058850126191,True,2,LaplacianScore+diag-GMM,10,1.0,0.10230297099951713,,0.3463748369802737
1000,8,100,10,2.0,ok,,1.0,1.0,True,3,PCA+diag-GMM,50,,0.12333965799916768,0.6785162832475479,
1000,8,100,10,2.0,ok,,1.0,1.0,True,2,LaplacianScore+diag-GMM,10,1.0,0.10096586100007698,,0.3493656427408737
1000,9,100,10,2.0,ok,,0.9969970000481382,0.9938015778197291,True,3,PCA+diag-GMM,50,,0.13256331400043564,0.6784818869801644,
1000,9,100,10,2.0,ok,,0.996996990984967,0.9938015906454756,True,2,LaplacianScore+diag-GMM,10,1.0,0.11312418300076388,,0.3754128402964224
1000,10,100,10,2.0,ok,,0.996996990984967,0.9938015906454756,True,2,PCA+diag-GMM,50,,0.11550178199831862,0.6793722724415642,
1000,10,100,10,2.0,ok,,1.0,1.0,True,2,LaplacianScore+diag-GMM,10,1.0,0.09958793099940522,,0.3636478933012842
1000,11,100,10,2.0,ok,,1.0,1.0,True,2,PCA+diag-GMM,50,,0.114394991998779,0.6789751181010198,
1000,11,100,10,2.0,ok,,0.9969970000481382,0.9938015778197291,True,2,LaplacianScore+diag-GMM,10,1.0,0.10481794999941485,,0.35481925811006343
1000,12,100,10,2.0,ok,,1.0,1.0,True,2,PCA+diag-GMM,50,,0.11166298699936306,0.6795635288586174,
1000,12,100,10,2.0,ok,,1.0,1.0,True,2,LaplacianScore+diag-GMM,10,1.0,0.10878534400035278,,0.3531189780361524
1000,13,100,10,2.0,ok,,0.9880330541653187,0.9764791653014943,True,2,PCA+diag-GMM,50,,0.18703419799930998,0.6780133854753656,
1000,13,100,10,2.0,ok,,0.9910135316283827,0.982670709093929,True,2,LaplacianScore+diag-GMM,10,1.0,0.11316359199918224,,0.35170090130547604
1000,14,100,10,2.0,ok,,0.9970015045323003,0.9938029489046497,True,3,PCA+diag-GMM,50,,0.12276755899983982,0.6794100052917286,
1000,14,100,10,2.0,ok,,1.0,1.0,True,2,LaplacianScore+diag-GMM,10,1.0,0.10381871200115711,,0.3654717479076014
1000,15,100,10,2.0,ok,,0.9970015045323003,0.9938029489046497,True,2,PCA+diag-GMM,50,,0.11732205600128509,0.678912889414957,
1000,15,100,10,2.0,ok,,1.0,1.0,True,2,LaplacianScore+diag-GMM,10,1.0,0.0952077179990738,,0.3624772695184548
1000,16,100,10,2.0,ok,,1.0,1.0,True,2,PCA+diag-GMM,50,,0.10962803899928986,0.6775633279128979,
1000,16,100,10,2.0,ok,,1.0,1.0,True,2,LaplacianScore+diag-GMM,10,1.0,0.09564522700020461,,0.35525190550893293
1000,17,100,10,2.0,ok,,0.9939940000962764,0.987603151547432,True,3,PCA+diag-GMM,50,,0.12591349799913587,0.6803368997718506,
1000,17,100,10,2.0,ok,,0.9970015045323003,0.9938029489046497,True,2,LaplacianScore+diag-GMM,10,1.0,0.12380508899877896,,0.35431776463948633
1000,18,100,10,2.0,ok,,0.9880150542461731,0.9764736300326563,True,2,PCA+diag-GMM,50,,0.13128914999833796,0.6790929411963694,
1000,18,100,10,2.0,ok,,0.9970015045323003,0.9938029489046497,True,2,LaplacianScore+diag-GMM,10,1.0,0.09730275599940796,,0.3606908631618563
1000,19,100,10,2.0,ok,,0.9940030362131663,0.9876058551993109,True,2,PCA+diag-GMM,50,,0.10805059399899619,0.6784741126486808,
1000,19,100,10,2.0,ok,,0.9940030362131663,0.9876058551993107,True,2,LaplacianScore+diag-GMM,10,1.0,0.09435778700026276,,0.35739157211115524
1000,20,100,10,2.0,ok,,0.996996990984967,0.9938015906454756,True,2,PCA+diag-GMM,50,,0.10336404200097604,0.6787879216366315,
1000,20,100,10,2.0,ok,,1.0,1.0,True,2,LaplacianScore+diag-GMM,10,1.0,0.09558352500062028,,0.3580858406750978
