experiment_id,script_name,timestamp,git_commit,hostname,device_type,device_name,dataset,dataset_variant,split_name,N,D,K_true,informative_ratio,noise_ratio,noise_sigma,data_seed,run_seed,method,prior_mode,baseline_name,beta,beta_mult,Tsplit,tau_mode,tau,tau_mult,lr,temp_start,temp_end,max_epochs,epochs_completed,final_K,split_count,first_split_epoch,last_split_epoch,split_epochs_json,ari,nmi,f1_feature,acc,selected_dims_count,selected_dims_ratio,mean_phi,median_phi,objective_final,objective_best,objective_gap,nll_final,kl_final,wallclock_total_sec,wallclock_stepA_sec,wallclock_train_sec,wallclock_split_diag_sec,wallclock_post_sec,time_per_epoch_sec,peak_memory_mb,status,timeout_flag,error_message,artifact_dir,sensitivity_factor,sensitivity_value,default_reference_value,fixed_data_flag
sens_synth__synthetic_n200_d100_fixedseed3101__beta_mult__seed0__divi,run_divi_sensitivity_synth.py,2026-03-25T09:21:04Z,unknown,x86_64,cpu,x86_64,synthetic,synthetic_n200_d100_fixedseed3101,sens_beta_mult,200,100,3,0.1,0.9,3.0,3101,0,divi,1,divi,50.0,0.25,80,auto_entropy,141.89385332046726,1.0,0.01,1.0,0.1,300,300,4,3,80,240,"[80, 160, 240]",0.8857336743749021,0.9127365439703686,0.24691358024691357,0.89,71,0.71,0.587803065776825,0.6130250096321106,34042.99609375,31320.0859375,2722.91015625,32594.275390625,28.974407196044922,2.3324133369987976,0.15303991799919459,0.8984160440013511,0.0028930659991601715,0.0018666530013433658,0.00299472014667117,447.5859375,ok,False,,,beta_mult,0.25,1.0,True
sens_synth__synthetic_n200_d100_fixedseed3101__beta_mult__seed1__divi,run_divi_sensitivity_synth.py,2026-03-25T09:21:05Z,unknown,x86_64,cpu,x86_64,synthetic,synthetic_n200_d100_fixedseed3101,sens_beta_mult,200,100,3,0.1,0.9,3.0,3101,1,divi,1,divi,50.0,0.25,80,auto_entropy,141.89385332046726,1.0,0.01,1.0,0.1,300,300,4,3,80,240,"[80, 160, 240]",0.849755436548523,0.8662372059540776,0.2564102564102564,0.85,68,0.68,0.5855456590652466,0.6153473854064941,34050.9609375,31278.359375,2772.6015625,32622.392578125,28.571340560913086,0.9493308400014939,0.1431178219991125,0.8030729360016267,0.0026350660009484272,0.0024751549990469357,0.002676909786672089,451.27734375,ok,False,,,beta_mult,0.25,1.0,True
sens_synth__synthetic_n200_d100_fixedseed3101__beta_mult__seed2__divi,run_divi_sensitivity_synth.py,2026-03-25T09:21:06Z,unknown,x86_64,cpu,x86_64,synthetic,synthetic_n200_d100_fixedseed3101,sens_beta_mult,200,100,3,0.1,0.9,3.0,3101,2,divi,1,divi,50.0,0.25,80,auto_entropy,141.89385332046726,1.0,0.01,1.0,0.1,300,300,4,3,80,240,"[80, 160, 240]",0.8709470684613785,0.9057611001961952,0.24096385542168675,0.84,73,0.73,0.586168646812439,0.617260217666626,34043.03515625,31539.400390625,2503.634765625,32612.1640625,28.617408752441406,0.9824296409988165,0.14028291500108026,0.8396190070016019,0.0025596010018489324,0.001922637000461691,0.0027987300233386727,452.20703125,ok,False,,,beta_mult,0.25,1.0,True
sens_synth__synthetic_n200_d100_fixedseed3101__beta_mult__seed3__divi,run_divi_sensitivity_synth.py,2026-03-25T09:21:07Z,unknown,x86_64,cpu,x86_64,synthetic,synthetic_n200_d100_fixedseed3101,sens_beta_mult,200,100,3,0.1,0.9,3.0,3101,3,divi,1,divi,50.0,0.25,80,auto_entropy,141.89385332046726,1.0,0.01,1.0,0.1,300,300,4,3,80,240,"[80, 160, 240]",0.8556071763996861,0.8746239998583802,0.24390243902439024,0.87,72,0.72,0.5891495943069458,0.6177802085876465,34028.2578125,30726.951171875,3301.306640625,32570.703125,29.15111541748047,1.080124103000344,0.1592556979994697,0.9175364980001177,0.002966403999380418,0.0027339629996276926,0.0030584549933337256,452.515625,ok,False,,,beta_mult,0.25,1.0,True
sens_synth__synthetic_n200_d100_fixedseed3101__beta_mult__seed4__divi,run_divi_sensitivity_synth.py,2026-03-25T09:21:09Z,unknown,x86_64,cpu,x86_64,synthetic,synthetic_n200_d100_fixedseed3101,sens_beta_mult,200,100,3,0.1,0.9,3.0,3101,4,divi,1,divi,50.0,0.25,80,auto_entropy,141.89385332046726,1.0,0.01,1.0,0.1,300,300,4,3,80,240,"[80, 160, 240]",0.8728032139844207,0.9066127929577492,0.25,0.855,70,0.7,0.5888416171073914,0.6178542971611023,34039.828125,31217.578125,2822.25,32584.62109375,29.104135513305664,1.3792735999995784,0.19853003000025637,1.1774885109989555,0.0033245130034629256,0.0024236820008809445,0.003924961703329851,451.67578125,ok,False,,,beta_mult,0.25,1.0,True
sens_synth__synthetic_n200_d100_fixedseed3101__beta_mult__seed5__divi,run_divi_sensitivity_synth.py,2026-03-25T09:21:10Z,unknown,x86_64,cpu,x86_64,synthetic,synthetic_n200_d100_fixedseed3101,sens_beta_mult,200,100,3,0.1,0.9,3.0,3101,5,divi,1,divi,50.0,0.25,80,auto_entropy,141.89385332046726,1.0,0.01,1.0,0.1,300,300,4,3,80,240,"[80, 160, 240]",0.8768788468816415,0.9085063091968447,0.24096385542168675,0.87,73,0.73,0.5906305909156799,0.608734130859375,34025.89453125,31372.1171875,2653.77734375,32552.4453125,29.468957901000977,1.36041510799987,0.1867574819989386,1.1709534019992134,0.0036715800015372224,0.0018744270000752294,0.0039031780066640445,452.25,ok,False,,,beta_mult,0.25,1.0,True
sens_synth__synthetic_n200_d100_fixedseed3101__beta_mult__seed6__divi,run_divi_sensitivity_synth.py,2026-03-25T09:21:11Z,unknown,x86_64,cpu,x86_64,synthetic,synthetic_n200_d100_fixedseed3101,sens_beta_mult,200,100,3,0.1,0.9,3.0,3101,6,divi,1,divi,50.0,0.25,80,auto_entropy,141.89385332046726,1.0,0.01,1.0,0.1,300,300,4,3,80,240,"[80, 160, 240]",0.8713184771469268,0.9059309964406863,0.24390243902439024,0.845,72,0.72,0.5919159054756165,0.6142702102661133,34023.796875,31248.45703125,2775.33984375,32535.7265625,29.76140594482422,0.9944267240007321,0.14452652300133195,0.8472087560003274,0.0026580750018183608,0.0018376589996478288,0.002824029186667758,452.25390625,ok,False,,,beta_mult,0.25,1.0,True
sens_synth__synthetic_n200_d100_fixedseed3101__beta_mult__seed7__divi,run_divi_sensitivity_synth.py,2026-03-25T09:21:12Z,unknown,x86_64,cpu,x86_64,synthetic,synthetic_n200_d100_fixedseed3101,sens_beta_mult,200,100,3,0.1,0.9,3.0,3101,7,divi,1,divi,50.0,0.25,80,auto_entropy,141.89385332046726,1.0,0.01,1.0,0.1,300,300,4,3,80,240,"[80, 160, 240]",0.8713184771469268,0.9059309964406863,0.24390243902439024,0.845,72,0.72,0.5872842669487,0.6195176839828491,34028.015625,31584.59375,2443.421875,32586.44921875,28.831356048583984,0.9377377199998591,0.1224647039998672,0.8118546429996059,0.0025341619984828867,0.002653609000844881,0.0027061821433320195,453.16015625,ok,False,,,beta_mult,0.25,1.0,True
sens_synth__synthetic_n200_d100_fixedseed3101__beta_mult__seed8__divi,run_divi_sensitivity_synth.py,2026-03-25T09:21:13Z,unknown,x86_64,cpu,x86_64,synthetic,synthetic_n200_d100_fixedseed3101,sens_beta_mult,200,100,3,0.1,0.9,3.0,3101,8,divi,1,divi,50.0,0.25,80,auto_entropy,141.89385332046726,1.0,0.01,1.0,0.1,300,300,4,3,80,240,"[80, 160, 240]",0.8521380645481075,0.8730113241452526,0.24691358024691357,0.86,71,0.71,0.5890135169029236,0.6164261698722839,34032.99609375,31189.03125,2843.96484375,32575.421875,29.1514949798584,0.9633414769996307,0.11698510200039891,0.8432181139996828,0.0031979419982235413,0.002563063999332371,0.0028107270466656096,453.16796875,ok,False,,,beta_mult,0.25,1.0,True
sens_synth__synthetic_n200_d100_fixedseed3101__beta_mult__seed9__divi,run_divi_sensitivity_synth.py,2026-03-25T09:21:14Z,unknown,x86_64,cpu,x86_64,synthetic,synthetic_n200_d100_fixedseed3101,sens_beta_mult,200,100,3,0.1,0.9,3.0,3101,9,divi,1,divi,50.0,0.25,80,auto_entropy,141.89385332046726,1.0,0.01,1.0,0.1,300,300,4,3,80,240,"[80, 160, 240]",0.8728032139844207,0.9066127929577492,0.24096385542168675,0.855,73,0.73,0.5877246260643005,0.6166439652442932,34040.875,30831.380859375,3209.494140625,32593.779296875,28.941898345947266,0.9710546590013109,0.12545086099999025,0.8430129879998276,0.0036665199986600783,0.0019956659998570103,0.0028100432933327586,449.93359375,ok,False,,,beta_mult,0.25,1.0,True
sens_synth__synthetic_n200_d100_fixedseed3101__beta_mult__seed0__divi,run_divi_sensitivity_synth.py,2026-03-25T09:21:15Z,unknown,x86_64,cpu,x86_64,synthetic,synthetic_n200_d100_fixedseed3101,sens_beta_mult,200,100,3,0.1,0.9,3.0,3101,0,divi,1,divi,100.0,0.5,80,auto_entropy,141.89385332046726,1.0,0.01,1.0,0.1,300,300,4,3,80,240,"[80, 160, 240]",0.8885515279348168,0.914117942000205,0.3389830508474576,0.895,49,0.49,0.5038219690322876,0.4930189847946167,35319.5546875,32934.9375,2384.6171875,33722.0078125,15.97547721862793,0.9703239259997645,0.1348358779996488,0.8328184620004322,0.0029013929997745436,0.0020688770000560908,0.0027760615400014405,452.56640625,ok,False,,,beta_mult,0.5,1.0,True
sens_synth__synthetic_n200_d100_fixedseed3101__beta_mult__seed1__divi,run_divi_sensitivity_synth.py,2026-03-25T09:21:16Z,unknown,x86_64,cpu,x86_64,synthetic,synthetic_n200_d100_fixedseed3101,sens_beta_mult,200,100,3,0.1,0.9,3.0,3101,1,divi,1,divi,100.0,0.5,80,auto_entropy,141.89385332046726,1.0,0.01,1.0,0.1,300,300,4,3,80,240,"[80, 160, 240]",0.8616460592758713,0.8866483854738683,0.3508771929824561,0.855,47,0.47,0.5004153251647949,0.48549598455429077,35320.26953125,32470.78125,2849.48828125,33767.5625,15.52706527709961,1.0474759709995851,0.12185479599975224,0.9229930080000486,0.0027527610000106506,0.0019950950008933432,0.003076643360000162,452.56640625,ok,False,,,beta_mult,0.5,1.0,True
sens_synth__synthetic_n200_d100_fixedseed3101__beta_mult__seed2__divi,run_divi_sensitivity_synth.py,2026-03-25T09:21:17Z,unknown,x86_64,cpu,x86_64,synthetic,synthetic_n200_d100_fixedseed3101,sens_beta_mult,200,100,3,0.1,0.9,3.0,3101,2,divi,1,divi,100.0,0.5,80,auto_entropy,141.89385332046726,1.0,0.01,1.0,0.1,300,300,4,3,80,240,"[80, 160, 240]",0.8713184771469268,0.9059309964406863,0.3333333333333333,0.845,50,0.5,0.5048994421958923,0.49878865480422974,35311.1953125,32634.060546875,2677.134765625,33699.50390625,16.116920471191406,0.9657697639995604,0.1177807739986747,0.8455052469998918,0.002598551000119187,0.0018328059995837975,0.002818350823332973,452.5703125,ok,False,,,beta_mult,0.5,1.0,True
sens_synth__synthetic_n200_d100_fixedseed3101__beta_mult__seed3__divi,run_divi_sensitivity_synth.py,2026-03-25T09:21:18Z,unknown,x86_64,cpu,x86_64,synthetic,synthetic_n200_d100_fixedseed3101,sens_beta_mult,200,100,3,0.1,0.9,3.0,3101,3,divi,1,divi,100.0,0.5,80,auto_entropy,141.89385332046726,1.0,0.01,1.0,0.1,300,300,4,3,80,240,"[80, 160, 240]",0.8594139175704291,0.8856308807907846,0.3448275862068966,0.84,48,0.48,0.5058701038360596,0.48607563972473145,35306.33984375,32378.193359375,2928.146484375,33686.58203125,16.197568893432617,0.9099390920000587,0.1282880889993976,0.7788316910009598,0.0023662099993089214,0.0021097120006743353,0.002596105636669866,452.578125,ok,False,,,beta_mult,0.5,1.0,True
sens_synth__synthetic_n200_d100_fixedseed3101__beta_mult__seed4__divi,run_divi_sensitivity_synth.py,2026-03-25T09:21:19Z,unknown,x86_64,cpu,x86_64,synthetic,synthetic_n200_d100_fixedseed3101,sens_beta_mult,200,100,3,0.1,0.9,3.0,3101,4,divi,1,divi,100.0,0.5,80,auto_entropy,141.89385332046726,1.0,0.01,1.0,0.1,300,300,4,3,80,240,"[80, 160, 240]",0.8713184771469268,0.9059309964406863,0.3333333333333333,0.845,50,0.5,0.5057498812675476,0.49961358308792114,35318.5390625,32410.84375,2907.6953125,33694.73828125,16.23800277709961,0.8934226540004602,0.13535921900074754,0.7542724639988592,0.0025082069987547584,0.0031969869996828493,0.002514241546662864,452.5859375,ok,False,,,beta_mult,0.5,1.0,True
sens_synth__synthetic_n200_d100_fixedseed3101__beta_mult__seed5__divi,run_divi_sensitivity_synth.py,2026-03-25T09:21:20Z,unknown,x86_64,cpu,x86_64,synthetic,synthetic_n200_d100_fixedseed3101,sens_beta_mult,200,100,3,0.1,0.9,3.0,3101,5,divi,1,divi,100.0,0.5,80,auto_entropy,141.89385332046726,1.0,0.01,1.0,0.1,300,300,4,3,80,240,"[80, 160, 240]",0.8713184771469268,0.9059309964406863,0.3333333333333333,0.845,50,0.5,0.5065114498138428,0.5009838938713074,35313.21484375,32667.17578125,2646.0390625,33681.3125,16.31900978088379,0.9122737840007176,0.13144180299968866,0.7784117100000003,0.0026630920001480263,0.0017911169998114929,0.002594705700000001,452.5859375,ok,False,,,beta_mult,0.5,1.0,True
sens_synth__synthetic_n200_d100_fixedseed3101__beta_mult__seed6__divi,run_divi_sensitivity_synth.py,2026-03-25T09:21:21Z,unknown,x86_64,cpu,x86_64,synthetic,synthetic_n200_d100_fixedseed3101,sens_beta_mult,200,100,3,0.1,0.9,3.0,3101,6,divi,1,divi,100.0,0.5,80,auto_entropy,141.89385332046726,1.0,0.01,1.0,0.1,300,300,4,3,80,240,"[80, 160, 240]",0.8719372920321685,0.9062146470278732,0.3508771929824561,0.85,47,0.47,0.5070397853851318,0.49231934547424316,35322.62890625,32575.4296875,2747.19921875,33678.16015625,16.444673538208008,1.2450098509998497,0.12233525999909034,1.119538527000259,0.004572593001284986,0.0025428009994357126,0.003731795090000863,452.58984375,ok,False,,,beta_mult,0.5,1.0,True
sens_synth__synthetic_n200_d100_fixedseed3101__beta_mult__seed7__divi,run_divi_sensitivity_synth.py,2026-03-25T09:21:22Z,unknown,x86_64,cpu,x86_64,synthetic,synthetic_n200_d100_fixedseed3101,sens_beta_mult,200,100,3,0.1,0.9,3.0,3101,7,divi,1,divi,100.0,0.5,80,auto_entropy,141.89385332046726,1.0,0.01,1.0,0.1,300,300,4,3,80,240,"[80, 160, 240]",0.8713184771469268,0.9059309964406863,0.3333333333333333,0.845,50,0.5,0.5023937225341797,0.5004609823226929,35302.8359375,33026.828125,2276.0078125,33726.421875,15.76413631439209,1.333646133000002,0.2032580080012849,1.1269058429988945,0.0034580379997350974,0.0027139659996464616,0.003756352809996315,452.28515625,ok,False,,,beta_mult,0.5,1.0,True
sens_synth__synthetic_n200_d100_fixedseed3101__beta_mult__seed8__divi,run_divi_sensitivity_synth.py,2026-03-25T09:21:23Z,unknown,x86_64,cpu,x86_64,synthetic,synthetic_n200_d100_fixedseed3101,sens_beta_mult,200,100,3,0.1,0.9,3.0,3101,8,divi,1,divi,100.0,0.5,80,auto_entropy,141.89385332046726,1.0,0.01,1.0,0.1,300,300,4,3,80,240,"[80, 160, 240]",0.8752745873288594,0.9077570869667239,0.3389830508474576,0.865,49,0.49,0.5032013058662415,0.4940844178199768,35318.91015625,32725.611328125,2593.298828125,33723.83203125,15.95079231262207,1.0913136079998367,0.19254864100003033,0.896160375999898,0.0024674989999766694,0.0018701940007304074,0.002987201253332993,449.97265625,ok,False,,,beta_mult,0.5,1.0,True
sens_synth__synthetic_n200_d100_fixedseed3101__beta_mult__seed9__divi,run_divi_sensitivity_synth.py,2026-03-25T09:21:24Z,unknown,x86_64,cpu,x86_64,synthetic,synthetic_n200_d100_fixedseed3101,sens_beta_mult,200,100,3,0.1,0.9,3.0,3101,9,divi,1,divi,100.0,0.5,80,auto_entropy,141.89385332046726,1.0,0.01,1.0,0.1,300,300,4,3,80,240,"[80, 160, 240]",0.8768788468816415,0.9085063091968447,0.3333333333333333,0.87,50,0.5,0.5025151968002319,0.5019112825393677,35321.38671875,32531.078125,2790.30859375,33735.4375,15.859501838684082,0.8956447450000269,0.11952118699991843,0.7727334809987951,0.002264449998619966,0.0027852460007125046,0.002575778269995984,451.6796875,ok,False,,,beta_mult,0.5,1.0,True
sens_synth__synthetic_n200_d100_fixedseed3101__beta_mult__seed0__divi,run_divi_sensitivity_synth.py,2026-03-25T09:21:25Z,unknown,x86_64,cpu,x86_64,synthetic,synthetic_n200_d100_fixedseed3101,sens_beta_mult,200,100,3,0.1,0.9,3.0,3101,0,divi,1,divi,200.0,1.0,80,auto_entropy,141.89385332046726,1.0,0.01,1.0,0.1,300,300,4,3,80,240,"[80, 160, 240]",0.8768788468816415,0.9085063091968447,0.5555555555555556,0.87,26,0.26,0.4033045470714569,0.3418942093849182,36114.3671875,33926.39453125,2187.97265625,35069.875,5.222455978393555,0.9487755869995453,0.1268899060014519,0.818897150000339,0.0025037509985850193,0.002177979000407504,0.0027296571666677967,452.30078125,ok,False,,,beta_mult,1.0,1.0,True
sens_synth__synthetic_n200_d100_fixedseed3101__beta_mult__seed1__divi,run_divi_sensitivity_synth.py,2026-03-25T09:21:26Z,unknown,x86_64,cpu,x86_64,synthetic,synthetic_n200_d100_fixedseed3101,sens_beta_mult,200,100,3,0.1,0.9,3.0,3101,1,divi,1,divi,200.0,1.0,80,auto_entropy,141.89385332046726,1.0,0.01,1.0,0.1,300,300,4,3,80,240,"[80, 160, 240]",0.8752745873288594,0.9077570869667239,0.5555555555555556,0.865,26,0.26,0.4020082950592041,0.33538389205932617,36108.59765625,33454.0859375,2654.51171875,35087.42578125,5.105858325958252,0.9477759889996378,0.14101468300032138,0.8042576039988489,0.0030997920002846513,0.0018161769985454157,0.002680858679996163,452.91796875,ok,False,,,beta_mult,1.0,1.0,True
sens_synth__synthetic_n200_d100_fixedseed3101__beta_mult__seed2__divi,run_divi_sensitivity_synth.py,2026-03-25T09:21:27Z,unknown,x86_64,cpu,x86_64,synthetic,synthetic_n200_d100_fixedseed3101,sens_beta_mult,200,100,3,0.1,0.9,3.0,3101,2,divi,1,divi,200.0,1.0,80,auto_entropy,141.89385332046726,1.0,0.01,1.0,0.1,300,300,4,3,80,240,"[80, 160, 240]",0.8728032139844207,0.9066127929577492,0.5405405405405406,0.855,27,0.27,0.40660008788108826,0.369909405708313,36112.85546875,34019.36328125,2093.4921875,35013.38671875,5.497335910797119,0.9276304529994377,0.1237677139997686,0.8011665440008073,0.002448082002956653,0.002100118999806,0.002670555146669358,452.91796875,ok,False,,,beta_mult,1.0,1.0,True
sens_synth__synthetic_n200_d100_fixedseed3101__beta_mult__seed3__divi,run_divi_sensitivity_synth.py,2026-03-25T09:21:28Z,unknown,x86_64,cpu,x86_64,synthetic,synthetic_n200_d100_fixedseed3101,sens_beta_mult,200,100,3,0.1,0.9,3.0,3101,3,divi,1,divi,200.0,1.0,80,auto_entropy,141.89385332046726,1.0,0.01,1.0,0.1,300,300,4,3,80,240,"[80, 160, 240]",0.8719372920321685,0.9062146470278732,0.5555555555555556,0.85,26,0.26,0.40264153480529785,0.3604307770729065,36106.2578125,33544.24609375,2562.01171875,35068.640625,5.188094139099121,0.9339218630011601,0.12216123200050788,0.809326726001018,0.00248200399983034,0.0018332159997953568,0.0026977557533367264,452.921875,ok,False,,,beta_mult,1.0,1.0,True
sens_synth__synthetic_n200_d100_fixedseed3101__beta_mult__seed4__divi,run_divi_sensitivity_synth.py,2026-03-25T09:21:29Z,unknown,x86_64,cpu,x86_64,synthetic,synthetic_n200_d100_fixedseed3101,sens_beta_mult,200,100,3,0.1,0.9,3.0,3101,4,divi,1,divi,200.0,1.0,80,auto_entropy,141.89385332046726,1.0,0.01,1.0,0.1,300,300,4,3,80,240,"[80, 160, 240]",0.8719372920321685,0.9062146470278732,0.5555555555555556,0.85,26,0.26,0.40158212184906006,0.3524704575538635,36102.453125,34084.38671875,2018.06640625,35083.82421875,5.093147277832031,0.9242268609996245,0.12901819700164197,0.7929638839996187,0.0025278580014855834,0.0016328080000675982,0.0026432129466653956,452.92578125,ok,False,,,beta_mult,1.0,1.0,True
sens_synth__synthetic_n200_d100_fixedseed3101__beta_mult__seed5__divi,run_divi_sensitivity_synth.py,2026-03-25T09:21:30Z,unknown,x86_64,cpu,x86_64,synthetic,synthetic_n200_d100_fixedseed3101,sens_beta_mult,200,100,3,0.1,0.9,3.0,3101,5,divi,1,divi,200.0,1.0,80,auto_entropy,141.89385332046726,1.0,0.01,1.0,0.1,300,300,4,3,80,240,"[80, 160, 240]",0.8713184771469268,0.9059309964406863,0.5555555555555556,0.845,26,0.26,0.4033753275871277,0.3542932868003845,36103.28515625,33705.17578125,2398.109375,35061.23828125,5.2102437019348145,0.9233493410010851,0.12376615300127014,0.7971998060002079,0.002551405998019618,0.0017540679982630536,0.00265733268666736,452.93359375,ok,False,,,beta_mult,1.0,1.0,True
sens_synth__synthetic_n200_d100_fixedseed3101__beta_mult__seed6__divi,run_divi_sensitivity_synth.py,2026-03-25T09:21:31Z,unknown,x86_64,cpu,x86_64,synthetic,synthetic_n200_d100_fixedseed3101,sens_beta_mult,200,100,3,0.1,0.9,3.0,3101,6,divi,1,divi,200.0,1.0,80,auto_entropy,141.89385332046726,1.0,0.01,1.0,0.1,300,300,4,3,80,240,"[80, 160, 240]",0.8708232455998861,0.905704516970206,0.5555555555555556,0.835,26,0.26,0.4005756676197052,0.3377535939216614,36116.6484375,34031.90625,2084.7421875,35105.15234375,5.057473659515381,0.9393564740003058,0.12450069300030009,0.8118047909993038,0.0024330350006493973,0.002372233999267337,0.0027060159699976794,452.93359375,ok,False,,,beta_mult,1.0,1.0,True
sens_synth__synthetic_n200_d100_fixedseed3101__beta_mult__seed7__divi,run_divi_sensitivity_synth.py,2026-03-25T09:21:32Z,unknown,x86_64,cpu,x86_64,synthetic,synthetic_n200_d100_fixedseed3101,sens_beta_mult,200,100,3,0.1,0.9,3.0,3101,7,divi,1,divi,200.0,1.0,80,auto_entropy,141.89385332046726,1.0,0.01,1.0,0.1,300,300,4,3,80,240,"[80, 160, 240]",0.8713184771469268,0.9059309964406863,0.5882352941176471,0.845,24,0.24,0.399139404296875,0.3401920199394226,36101.66796875,34154.51953125,1947.1484375,35115.4296875,4.931188583374023,0.9549699429990142,0.11845838900080707,0.8332317219992547,0.0024928199982241495,0.0026563880001049256,0.002777439073330849,452.9375,ok,False,,,beta_mult,1.0,1.0,True
sens_synth__synthetic_n200_d100_fixedseed3101__beta_mult__seed8__divi,run_divi_sensitivity_synth.py,2026-03-25T09:21:33Z,unknown,x86_64,cpu,x86_64,synthetic,synthetic_n200_d100_fixedseed3101,sens_beta_mult,200,100,3,0.1,0.9,3.0,3101,8,divi,1,divi,200.0,1.0,80,auto_entropy,141.89385332046726,1.0,0.01,1.0,0.1,300,300,4,3,80,240,"[80, 160, 240]",0.8768788468816415,0.9085063091968447,0.5555555555555556,0.87,26,0.26,0.4040842056274414,0.35737544298171997,36119.81640625,33540.44140625,2579.375,35054.96875,5.324247360229492,1.0819579689996317,0.13333293100004084,0.9458086630002072,0.0028997419994993834,0.0022205229997780407,0.0031526955433340237,452.328125,ok,False,,,beta_mult,1.0,1.0,True
sens_synth__synthetic_n200_d100_fixedseed3101__beta_mult__seed9__divi,run_divi_sensitivity_synth.py,2026-03-25T09:21:34Z,unknown,x86_64,cpu,x86_64,synthetic,synthetic_n200_d100_fixedseed3101,sens_beta_mult,200,100,3,0.1,0.9,3.0,3101,9,divi,1,divi,200.0,1.0,80,auto_entropy,141.89385332046726,1.0,0.01,1.0,0.1,300,300,4,3,80,240,"[80, 160, 240]",0.8709470684613785,0.9057611001961952,0.5405405405405406,0.84,27,0.27,0.40041789412498474,0.3452681303024292,36113.828125,33727.671875,2386.15625,35103.734375,5.050462245941162,1.1950076459997945,0.17511544599983608,1.0168055449994426,0.0034333349994994933,0.0023685300002398435,0.0033893518166648088,452.63671875,ok,False,,,beta_mult,1.0,1.0,True
sens_synth__synthetic_n200_d100_fixedseed3101__beta_mult__seed0__divi,run_divi_sensitivity_synth.py,2026-03-25T09:21:35Z,unknown,x86_64,cpu,x86_64,synthetic,synthetic_n200_d100_fixedseed3101,sens_beta_mult,200,100,3,0.1,0.9,3.0,3101,0,divi,1,divi,400.0,2.0,80,auto_entropy,141.89385332046726,1.0,0.01,1.0,0.1,300,300,4,3,80,240,"[80, 160, 240]",0.8752745873288594,0.9077570869667239,0.7407407407407407,0.865,17,0.17,0.33696475625038147,0.25188466906547546,36451.50390625,34459.82421875,1991.6796875,35960.16015625,1.2283598184585571,1.2805639410016738,0.1623909919999278,1.1159394290007185,0.003583129000617191,0.0015245369995682267,0.003719798096669062,452.64453125,ok,False,,,beta_mult,2.0,1.0,True
sens_synth__synthetic_n200_d100_fixedseed3101__beta_mult__seed1__divi,run_divi_sensitivity_synth.py,2026-03-25T09:21:36Z,unknown,x86_64,cpu,x86_64,synthetic,synthetic_n200_d100_fixedseed3101,sens_beta_mult,200,100,3,0.1,0.9,3.0,3101,1,divi,1,divi,400.0,2.0,80,auto_entropy,141.89385332046726,1.0,0.01,1.0,0.1,300,300,4,3,80,240,"[80, 160, 240]",0.8719372920321685,0.9062146470278732,0.7142857142857143,0.85,18,0.18,0.33737465739250183,0.2569729685783386,36453.27734375,34306.21875,2147.05859375,35954.859375,1.2460418939590454,0.8404269699985889,0.11742384500030312,0.7208127989997593,0.0023383389998343773,0.00163274199985608,0.0024027093299991975,452.6484375,ok,False,,,beta_mult,2.0,1.0,True
sens_synth__synthetic_n200_d100_fixedseed3101__beta_mult__seed2__divi,run_divi_sensitivity_synth.py,2026-03-25T09:21:37Z,unknown,x86_64,cpu,x86_64,synthetic,synthetic_n200_d100_fixedseed3101,sens_beta_mult,200,100,3,0.1,0.9,3.0,3101,2,divi,1,divi,400.0,2.0,80,auto_entropy,141.89385332046726,1.0,0.01,1.0,0.1,300,300,4,3,80,240,"[80, 160, 240]",0.8728032139844207,0.9066127929577492,0.7407407407407407,0.855,17,0.17,0.3366468846797943,0.27018511295318604,36433.265625,34495.1171875,1938.1484375,35952.23046875,1.2025848627090454,0.8577622929988138,0.11718043699875125,0.7383479929994792,0.002281549999679555,0.0016835859987622825,0.0024611599766649304,452.6484375,ok,False,,,beta_mult,2.0,1.0,True
sens_synth__synthetic_n200_d100_fixedseed3101__beta_mult__seed3__divi,run_divi_sensitivity_synth.py,2026-03-25T09:21:38Z,unknown,x86_64,cpu,x86_64,synthetic,synthetic_n200_d100_fixedseed3101,sens_beta_mult,200,100,3,0.1,0.9,3.0,3101,3,divi,1,divi,400.0,2.0,80,auto_entropy,141.89385332046726,1.0,0.01,1.0,0.1,300,300,4,3,80,240,"[80, 160, 240]",0.8719372920321685,0.9062146470278732,0.7407407407407407,0.85,17,0.17,0.3381178677082062,0.26353830099105835,36435.02734375,34347.55078125,2087.4765625,35934.80859375,1.250544548034668,0.8717999739983497,0.12260665699977835,0.7469636259993422,0.003061618999709026,0.0016178240002773236,0.0024898787533311406,452.65234375,ok,False,,,beta_mult,2.0,1.0,True
sens_synth__synthetic_n200_d100_fixedseed3101__beta_mult__seed4__divi,run_divi_sensitivity_synth.py,2026-03-25T09:21:39Z,unknown,x86_64,cpu,x86_64,synthetic,synthetic_n200_d100_fixedseed3101,sens_beta_mult,200,100,3,0.1,0.9,3.0,3101,4,divi,1,divi,400.0,2.0,80,auto_entropy,141.89385332046726,1.0,0.01,1.0,0.1,300,300,4,3,80,240,"[80, 160, 240]",0.8713184771469268,0.9059309964406863,0.7407407407407407,0.845,17,0.17,0.3337356150150299,0.2510764002799988,36430.99609375,34375.08984375,2055.90625,35991.453125,1.0988563299179077,0.855456322999089,0.1194267819992092,0.7337056569995184,0.002649579999342677,0.001773019999745884,0.002445685523331728,453.26171875,ok,False,,,beta_mult,2.0,1.0,True
sens_synth__synthetic_n200_d100_fixedseed3101__beta_mult__seed5__divi,run_divi_sensitivity_synth.py,2026-03-25T09:21:40Z,unknown,x86_64,cpu,x86_64,synthetic,synthetic_n200_d100_fixedseed3101,sens_beta_mult,200,100,3,0.1,0.9,3.0,3101,5,divi,1,divi,400.0,2.0,80,auto_entropy,141.89385332046726,1.0,0.01,1.0,0.1,300,300,4,3,80,240,"[80, 160, 240]",0.8728032139844207,0.9066127929577492,0.7407407407407407,0.855,17,0.17,0.336942583322525,0.25846630334854126,36438.4609375,34430.36328125,2008.09765625,35950.4140625,1.2201155424118042,0.8385793199995533,0.12850635900031193,0.7078913149998698,0.002575577002062346,0.0016388379990530666,0.002359637716666233,453.26953125,ok,False,,,beta_mult,2.0,1.0,True
sens_synth__synthetic_n200_d100_fixedseed3101__beta_mult__seed6__divi,run_divi_sensitivity_synth.py,2026-03-25T09:21:41Z,unknown,x86_64,cpu,x86_64,synthetic,synthetic_n200_d100_fixedseed3101,sens_beta_mult,200,100,3,0.1,0.9,3.0,3101,6,divi,1,divi,400.0,2.0,80,auto_entropy,141.89385332046726,1.0,0.01,1.0,0.1,300,300,4,3,80,240,"[80, 160, 240]",0.8709470684613785,0.9057611001961952,0.7142857142857143,0.84,18,0.18,0.33325982093811035,0.2511618435382843,36439.1875,34678.6484375,1760.5390625,36005.44921875,1.0843485593795776,0.8415719810000155,0.11463476599965361,0.7244933649999439,0.002478109001458506,0.0018963809998240322,0.0024149778833331462,453.26953125,ok,False,,,beta_mult,2.0,1.0,True
sens_synth__synthetic_n200_d100_fixedseed3101__beta_mult__seed7__divi,run_divi_sensitivity_synth.py,2026-03-25T09:21:41Z,unknown,x86_64,cpu,x86_64,synthetic,synthetic_n200_d100_fixedseed3101,sens_beta_mult,200,100,3,0.1,0.9,3.0,3101,7,divi,1,divi,400.0,2.0,80,auto_entropy,141.89385332046726,1.0,0.01,1.0,0.1,300,300,4,3,80,240,"[80, 160, 240]",0.8708232455998861,0.905704516970206,0.7142857142857143,0.835,18,0.18,0.33709242939949036,0.2553970217704773,36449.21875,34777.7734375,1671.4453125,35950.25,1.2474238872528076,0.8108060160011519,0.11756386699926225,0.6911255920003896,0.0025911030006682267,0.0015210139990813332,0.002303751973334632,453.27734375,ok,False,,,beta_mult,2.0,1.0,True
sens_synth__synthetic_n200_d100_fixedseed3101__beta_mult__seed8__divi,run_divi_sensitivity_synth.py,2026-03-25T09:21:42Z,unknown,x86_64,cpu,x86_64,synthetic,synthetic_n200_d100_fixedseed3101,sens_beta_mult,200,100,3,0.1,0.9,3.0,3101,8,divi,1,divi,400.0,2.0,80,auto_entropy,141.89385332046726,1.0,0.01,1.0,0.1,300,300,4,3,80,240,"[80, 160, 240]",0.8787278312572997,0.9093762115748875,0.7407407407407407,0.875,17,0.17,0.3365764319896698,0.27593499422073364,36439.83984375,34201.0078125,2238.83203125,35960.14453125,1.1992343664169312,0.8263996599998791,0.11471778899976925,0.7095101340000838,0.0022444179994636215,0.0016347490000043763,0.002365033780000279,453.27734375,ok,False,,,beta_mult,2.0,1.0,True
sens_synth__synthetic_n200_d100_fixedseed3101__beta_mult__seed9__divi,run_divi_sensitivity_synth.py,2026-03-25T09:21:43Z,unknown,x86_64,cpu,x86_64,synthetic,synthetic_n200_d100_fixedseed3101,sens_beta_mult,200,100,3,0.1,0.9,3.0,3101,9,divi,1,divi,400.0,2.0,80,auto_entropy,141.89385332046726,1.0,0.01,1.0,0.1,300,300,4,3,80,240,"[80, 160, 240]",0.8728032139844207,0.9066127929577492,0.7142857142857143,0.855,18,0.18,0.336230993270874,0.2615547180175781,36439.8125,34357.12890625,2082.68359375,35961.859375,1.1948848962783813,0.8220256000004156,0.11306782000065141,0.7065398199993069,0.002277481000419357,0.001833000000260654,0.0023551327333310233,453.28515625,ok,False,,,beta_mult,2.0,1.0,True
sens_synth__synthetic_n200_d100_fixedseed3101__beta_mult__seed0__divi,run_divi_sensitivity_synth.py,2026-03-25T09:21:44Z,unknown,x86_64,cpu,x86_64,synthetic,synthetic_n200_d100_fixedseed3101,sens_beta_mult,200,100,3,0.1,0.9,3.0,3101,0,divi,1,divi,800.0,4.0,80,auto_entropy,141.89385332046726,1.0,0.01,1.0,0.1,300,300,4,3,80,240,"[80, 160, 240]",0.8752745873288594,0.9077570869667239,0.8,0.865,15,0.15,0.3069952726364136,0.22156748175621033,36599.6796875,34793.39453125,1806.28515625,36362.10546875,0.296969473361969,0.880842198001119,0.13335339699915494,0.7453637329999765,0.002368236000620527,0.00156825799967919,0.002484545776666588,453.2890625,ok,False,,,beta_mult,4.0,1.0,True
sens_synth__synthetic_n200_d100_fixedseed3101__beta_mult__seed1__divi,run_divi_sensitivity_synth.py,2026-03-25T09:21:45Z,unknown,x86_64,cpu,x86_64,synthetic,synthetic_n200_d100_fixedseed3101,sens_beta_mult,200,100,3,0.1,0.9,3.0,3101,1,divi,1,divi,800.0,4.0,80,auto_entropy,141.89385332046726,1.0,0.01,1.0,0.1,300,300,4,3,80,240,"[80, 160, 240]",0.8768788468816415,0.9085063091968447,0.7692307692307693,0.87,16,0.16,0.30641457438468933,0.2204342782497406,36597.953125,34682.8125,1915.140625,36366.91015625,0.2888043522834778,0.8323920099992392,0.11363318499934394,0.71663224599979,0.002601758998935111,0.0015575939996779198,0.0023887741533326332,453.2890625,ok,False,,,beta_mult,4.0,1.0,True
sens_synth__synthetic_n200_d100_fixedseed3101__beta_mult__seed2__divi,run_divi_sensitivity_synth.py,2026-03-25T09:21:46Z,unknown,x86_64,cpu,x86_64,synthetic,synthetic_n200_d100_fixedseed3101,sens_beta_mult,200,100,3,0.1,0.9,3.0,3101,2,divi,1,divi,800.0,4.0,80,auto_entropy,141.89385332046726,1.0,0.01,1.0,0.1,300,300,4,3,80,240,"[80, 160, 240]",0.8728032139844207,0.9066127929577492,0.7692307692307693,0.855,16,0.16,0.3061927855014801,0.21919797360897064,36584.7890625,34718.71875,1866.0703125,36361.203125,0.27948182821273804,1.0669778379997297,0.11525270499987528,0.9486857230003807,0.003483204000076512,0.0024599080006737495,0.003162285743334602,453.29296875,ok,False,,,beta_mult,4.0,1.0,True
sens_synth__synthetic_n200_d100_fixedseed3101__beta_mult__seed3__divi,run_divi_sensitivity_synth.py,2026-03-25T09:21:47Z,unknown,x86_64,cpu,x86_64,synthetic,synthetic_n200_d100_fixedseed3101,sens_beta_mult,200,100,3,0.1,0.9,3.0,3101,3,divi,1,divi,800.0,4.0,80,auto_entropy,141.89385332046726,1.0,0.01,1.0,0.1,300,300,4,3,80,240,"[80, 160, 240]",0.8713184771469268,0.9059309964406863,0.8,0.845,15,0.15,0.3068678081035614,0.22405758500099182,36586.609375,34530.3046875,2056.3046875,36354.859375,0.2896887958049774,1.2898166720005975,0.1733744100001786,1.112517135001326,0.003410316001463798,0.0032577550009591505,0.0037083904500044202,453.29296875,ok,False,,,beta_mult,4.0,1.0,True
sens_synth__synthetic_n200_d100_fixedseed3101__beta_mult__seed4__divi,run_divi_sensitivity_synth.py,2026-03-25T09:21:49Z,unknown,x86_64,cpu,x86_64,synthetic,synthetic_n200_d100_fixedseed3101,sens_beta_mult,200,100,3,0.1,0.9,3.0,3101,4,divi,1,divi,800.0,4.0,80,auto_entropy,141.89385332046726,1.0,0.01,1.0,0.1,300,300,4,3,80,240,"[80, 160, 240]",0.8709470684613785,0.9057611001961952,0.7692307692307693,0.84,16,0.16,0.3049662709236145,0.21667277812957764,36581.21484375,34528.33984375,2052.875,36376.73046875,0.25560465455055237,1.2881692509999993,0.21513347899963264,1.0705012250000436,0.0031693130022176774,0.0017842679990280885,0.003568337416666812,453.30078125,ok,False,,,beta_mult,4.0,1.0,True
sens_synth__synthetic_n200_d100_fixedseed3101__beta_mult__seed5__divi,run_divi_sensitivity_synth.py,2026-03-25T09:21:49Z,unknown,x86_64,cpu,x86_64,synthetic,synthetic_n200_d100_fixedseed3101,sens_beta_mult,200,100,3,0.1,0.9,3.0,3101,5,divi,1,divi,800.0,4.0,80,auto_entropy,141.89385332046726,1.0,0.01,1.0,0.1,300,300,4,3,80,240,"[80, 160, 240]",0.8719372920321685,0.9062146470278732,0.7692307692307693,0.85,16,0.16,0.30714836716651917,0.22259865701198578,36588.78515625,34794.8671875,1793.91796875,36349.6171875,0.29895883798599243,0.9311986650009203,0.12463001800097118,0.8033014739994542,0.0030466449989035027,0.0026544229986029677,0.0026776715799981805,453.30078125,ok,False,,,beta_mult,4.0,1.0,True
sens_synth__synthetic_n200_d100_fixedseed3101__beta_mult__seed6__divi,run_divi_sensitivity_synth.py,2026-03-25T09:21:50Z,unknown,x86_64,cpu,x86_64,synthetic,synthetic_n200_d100_fixedseed3101,sens_beta_mult,200,100,3,0.1,0.9,3.0,3101,6,divi,1,divi,800.0,4.0,80,auto_entropy,141.89385332046726,1.0,0.01,1.0,0.1,300,300,4,3,80,240,"[80, 160, 240]",0.8709470684613785,0.9057611001961952,0.7692307692307693,0.84,16,0.16,0.3055794835090637,0.22039766609668732,36587.1484375,35040.00390625,1547.14453125,36376.140625,0.2637617886066437,0.9984850799992273,0.12776381699950434,0.868050620001668,0.0029172300000936957,0.0018137080005544703,0.002893502066672227,453.3046875,ok,False,,,beta_mult,4.0,1.0,True
sens_synth__synthetic_n200_d100_fixedseed3101__beta_mult__seed7__divi,run_divi_sensitivity_synth.py,2026-03-25T09:21:51Z,unknown,x86_64,cpu,x86_64,synthetic,synthetic_n200_d100_fixedseed3101,sens_beta_mult,200,100,3,0.1,0.9,3.0,3101,7,divi,1,divi,800.0,4.0,80,auto_entropy,141.89385332046726,1.0,0.01,1.0,0.1,300,300,4,3,80,240,"[80, 160, 240]",0.8709470684613785,0.9057611001961952,0.7692307692307693,0.84,16,0.16,0.30709969997406006,0.21820786595344543,36597.80078125,35066.30859375,1531.4921875,36354.4453125,0.3041934669017792,0.9211569290000625,0.15191108100043493,0.7669151640002383,0.002468828002747614,0.0017136909991677385,0.002556383880000794,453.3046875,ok,False,,,beta_mult,4.0,1.0,True
sens_synth__synthetic_n200_d100_fixedseed3101__beta_mult__seed8__divi,run_divi_sensitivity_synth.py,2026-03-25T09:21:52Z,unknown,x86_64,cpu,x86_64,synthetic,synthetic_n200_d100_fixedseed3101,sens_beta_mult,200,100,3,0.1,0.9,3.0,3101,8,divi,1,divi,800.0,4.0,80,auto_entropy,141.89385332046726,1.0,0.01,1.0,0.1,300,300,4,3,80,240,"[80, 160, 240]",0.880820652049919,0.9103692378616045,0.7692307692307693,0.88,16,0.16,0.30669963359832764,0.2286715805530548,36595.1796875,34549.671875,2045.5078125,36361.1015625,0.2925977110862732,0.8574180329997034,0.11926718799986702,0.7356760610000492,0.0022147150011733174,0.0019375169995328179,0.002452253536666831,453.3125,ok,False,,,beta_mult,4.0,1.0,True
sens_synth__synthetic_n200_d100_fixedseed3101__beta_mult__seed9__divi,run_divi_sensitivity_synth.py,2026-03-25T09:21:53Z,unknown,x86_64,cpu,x86_64,synthetic,synthetic_n200_d100_fixedseed3101,sens_beta_mult,200,100,3,0.1,0.9,3.0,3101,9,divi,1,divi,800.0,4.0,80,auto_entropy,141.89385332046726,1.0,0.01,1.0,0.1,300,300,4,3,80,240,"[80, 160, 240]",0.8719372920321685,0.9062146470278732,0.8,0.85,15,0.15,0.3068349361419678,0.22383159399032593,36588.47265625,34616.73046875,1971.7421875,36354.29296875,0.29272472858428955,0.9011828239999886,0.1176676220002264,0.7808568740001647,0.0027164090006408514,0.0020655459993577097,0.0026028562466672155,453.3125,ok,False,,,beta_mult,4.0,1.0,True
sens_synth__synthetic_n1000_d100_fixedseed3102__beta_mult__seed0__divi,run_divi_sensitivity_synth.py,2026-03-25T09:21:56Z,unknown,x86_64,cpu,x86_64,synthetic,synthetic_n1000_d100_fixedseed3102,sens_beta_mult,1000,100,3,0.1,0.9,3.0,3102,0,divi,1,divi,250.0,0.25,80,auto_entropy,141.89385332046726,1.0,0.01,1.0,0.1,300,300,4,3,80,240,"[80, 160, 240]",0.8944497380545315,0.9169171419342441,0.5405405405405406,0.905,27,0.27,0.4288497567176819,0.3785460293292999,180128.546875,169115.890625,11012.65625,174138.765625,23.959138870239258,2.3336515660012083,0.14686037700084853,2.1790722599998844,0.006292169002335868,0.007046840000839438,0.007263574199999615,468.68359375,ok,False,,,beta_mult,0.25,1.0,True
sens_synth__synthetic_n1000_d100_fixedseed3102__beta_mult__seed1__divi,run_divi_sensitivity_synth.py,2026-03-25T09:21:58Z,unknown,x86_64,cpu,x86_64,synthetic,synthetic_n1000_d100_fixedseed3102,sens_beta_mult,1000,100,3,0.1,0.9,3.0,3102,1,divi,1,divi,250.0,0.25,80,auto_entropy,141.89385332046726,1.0,0.01,1.0,0.1,300,300,4,3,80,240,"[80, 160, 240]",0.8792377085595235,0.9094459067254036,0.5263157894736842,0.878,28,0.28,0.43055427074432373,0.3818066716194153,180092.359375,169706.03125,10386.328125,174025.25,24.268442153930664,2.290957380000691,0.1632601680012158,2.120347803000186,0.006210377998286276,0.006453214000430307,0.00706782601000062,463.22265625,ok,False,,,beta_mult,0.25,1.0,True
sens_synth__synthetic_n1000_d100_fixedseed3102__beta_mult__seed2__divi,run_divi_sensitivity_synth.py,2026-03-25T09:22:01Z,unknown,x86_64,cpu,x86_64,synthetic,synthetic_n1000_d100_fixedseed3102,sens_beta_mult,1000,100,3,0.1,0.9,3.0,3102,2,divi,1,divi,250.0,0.25,80,auto_entropy,141.89385332046726,1.0,0.01,1.0,0.1,300,300,4,3,80,240,"[80, 160, 240]",0.871408677445161,0.9057904437620785,0.4878048780487805,0.853,31,0.31,0.4301295876502991,0.39724525809288025,180080.84375,169803.828125,10277.015625,174030.53125,24.201242446899414,3.0874243950001983,0.14855562699995062,2.9298420890008856,0.006113314999311115,0.008298370999909821,0.009766140296669619,458.38671875,ok,False,,,beta_mult,0.25,1.0,True
sens_synth__synthetic_n1000_d100_fixedseed3102__beta_mult__seed3__divi,run_divi_sensitivity_synth.py,2026-03-25T09:22:03Z,unknown,x86_64,cpu,x86_64,synthetic,synthetic_n1000_d100_fixedseed3102,sens_beta_mult,1000,100,3,0.1,0.9,3.0,3102,3,divi,1,divi,250.0,0.25,80,auto_entropy,141.89385332046726,1.0,0.01,1.0,0.1,300,300,4,3,80,240,"[80, 160, 240]",0.8698184951921494,0.9050624835845652,0.5128205128205128,0.841,29,0.29,0.4289883077144623,0.3790850043296814,180106.8125,165854.6875,14252.125,174123.59375,23.93284797668457,2.386921376999453,0.18125439900177298,2.198337604999324,0.005196119998799986,0.006533572999614989,0.007327792016664413,462.20703125,ok,False,,,beta_mult,0.25,1.0,True
sens_synth__synthetic_n1000_d100_fixedseed3102__beta_mult__seed4__divi,run_divi_sensitivity_synth.py,2026-03-25T09:22:06Z,unknown,x86_64,cpu,x86_64,synthetic,synthetic_n1000_d100_fixedseed3102,sens_beta_mult,1000,100,3,0.1,0.9,3.0,3102,4,divi,1,divi,250.0,0.25,80,auto_entropy,141.89385332046726,1.0,0.01,1.0,0.1,300,300,4,3,80,240,"[80, 160, 240]",0.8703094652837517,0.9052867334965388,0.5263157894736842,0.846,28,0.28,0.4300646483898163,0.39484137296676636,180110.125,169927.09375,10183.03125,174056.75,24.21347427368164,2.448375224999836,0.15165816899934725,2.2862023639991094,0.006329334999463754,0.00975560100050643,0.007620674546663698,451.14453125,ok,False,,,beta_mult,0.25,1.0,True
sens_synth__synthetic_n1000_d100_fixedseed3102__beta_mult__seed5__divi,run_divi_sensitivity_synth.py,2026-03-25T09:22:08Z,unknown,x86_64,cpu,x86_64,synthetic,synthetic_n1000_d100_fixedseed3102,sens_beta_mult,1000,100,3,0.1,0.9,3.0,3102,5,divi,1,divi,250.0,0.25,80,auto_entropy,141.89385332046726,1.0,0.01,1.0,0.1,300,300,4,3,80,240,"[80, 160, 240]",0.8705745248526675,0.9054079873788929,0.5405405405405406,0.848,27,0.27,0.43006211519241333,0.38851356506347656,180096.859375,170306.65625,9790.203125,174050.625,24.184951782226562,2.367066734999753,0.15157855599863979,2.2082236139995075,0.005966775001070346,0.006489150000561494,0.0073607453799983584,473.15234375,ok,False,,,beta_mult,0.25,1.0,True
sens_synth__synthetic_n1000_d100_fixedseed3102__beta_mult__seed6__divi,run_divi_sensitivity_synth.py,2026-03-25T09:22:10Z,unknown,x86_64,cpu,x86_64,synthetic,synthetic_n1000_d100_fixedseed3102,sens_beta_mult,1000,100,3,0.1,0.9,3.0,3102,6,divi,1,divi,250.0,0.25,80,auto_entropy,141.89385332046726,1.0,0.01,1.0,0.1,300,300,4,3,80,240,"[80, 160, 240]",0.8805842404547156,0.9100870088897038,0.5263157894736842,0.881,28,0.28,0.42801886796951294,0.374120831489563,180155.921875,171140.40625,9015.515625,174191.84375,23.856306076049805,2.2407073009999294,0.16484818099888798,2.0689207239993266,0.005974213003355544,0.0061826999990444165,0.006896402413331088,462.9765625,ok,False,,,beta_mult,0.25,1.0,True
sens_synth__synthetic_n1000_d100_fixedseed3102__beta_mult__seed7__divi,run_divi_sensitivity_synth.py,2026-03-25T09:22:13Z,unknown,x86_64,cpu,x86_64,synthetic,synthetic_n1000_d100_fixedseed3102,sens_beta_mult,1000,100,3,0.1,0.9,3.0,3102,7,divi,1,divi,250.0,0.25,80,auto_entropy,141.89385332046726,1.0,0.01,1.0,0.1,300,300,4,3,80,240,"[80, 160, 240]",0.8697497470393901,0.9050311190243441,0.5128205128205128,0.84,29,0.29,0.42939135432243347,0.3889365792274475,180116.4375,170374.765625,9741.671875,174086.84375,24.118358612060547,2.8714549140004237,0.15120064900111174,2.706225018000623,0.007349929001065902,0.013185485000576591,0.009020750060002077,453.8203125,ok,False,,,beta_mult,0.25,1.0,True
sens_synth__synthetic_n1000_d100_fixedseed3102__beta_mult__seed8__divi,run_divi_sensitivity_synth.py,2026-03-25T09:22:16Z,unknown,x86_64,cpu,x86_64,synthetic,synthetic_n1000_d100_fixedseed3102,sens_beta_mult,1000,100,3,0.1,0.9,3.0,3102,8,divi,1,divi,250.0,0.25,80,auto_entropy,141.89385332046726,1.0,0.01,1.0,0.1,300,300,4,3,80,240,"[80, 160, 240]",0.8697497470393901,0.9050311190243441,0.5128205128205128,0.84,29,0.29,0.4309864044189453,0.408104807138443,180083.953125,168603.5,11480.453125,174004.578125,24.3175048828125,2.3648233099993377,0.24166994000006525,2.1154253849999805,0.005952445000730222,0.006779310000638361,0.0070514179499999345,460.1875,ok,False,,,beta_mult,0.25,1.0,True
sens_synth__synthetic_n1000_d100_fixedseed3102__beta_mult__seed9__divi,run_divi_sensitivity_synth.py,2026-03-25T09:22:18Z,unknown,x86_64,cpu,x86_64,synthetic,synthetic_n1000_d100_fixedseed3102,sens_beta_mult,1000,100,3,0.1,0.9,3.0,3102,9,divi,1,divi,250.0,0.25,80,auto_entropy,141.89385332046726,1.0,0.01,1.0,0.1,300,300,4,3,80,240,"[80, 160, 240]",0.883536667775874,0.911505942957741,0.5,0.887,30,0.3,0.4296529293060303,0.3980305790901184,180119.265625,167104.53125,13014.734375,174085.640625,24.134502410888672,2.188516627998979,0.14681608799946844,2.0352057950003655,0.00552733600125066,0.005781218000265653,0.006784019316667885,469.34765625,ok,False,,,beta_mult,0.25,1.0,True
sens_synth__synthetic_n1000_d100_fixedseed3102__beta_mult__seed0__divi,run_divi_sensitivity_synth.py,2026-03-25T09:22:20Z,unknown,x86_64,cpu,x86_64,synthetic,synthetic_n1000_d100_fixedseed3102,sens_beta_mult,1000,100,3,0.1,0.9,3.0,3102,0,divi,1,divi,500.0,0.5,80,auto_entropy,141.89385332046726,1.0,0.01,1.0,0.1,300,300,4,3,80,240,"[80, 160, 240]",0.9002772499333923,0.919921788208808,0.8333333333333334,0.913,14,0.14,0.34431320428848267,0.28619739413261414,185345.828125,176019.890625,9325.9375,179695.625,11.30040454864502,2.368513196001004,0.1533763369989174,2.2052450649989623,0.005570822000663611,0.009109239999816054,0.007350816883329874,465.27734375,ok,False,,,beta_mult,0.5,1.0,True
sens_synth__synthetic_n1000_d100_fixedseed3102__beta_mult__seed1__divi,run_divi_sensitivity_synth.py,2026-03-25T09:22:23Z,unknown,x86_64,cpu,x86_64,synthetic,synthetic_n1000_d100_fixedseed3102,sens_beta_mult,1000,100,3,0.1,0.9,3.0,3102,1,divi,1,divi,500.0,0.5,80,auto_entropy,141.89385332046726,1.0,0.01,1.0,0.1,300,300,4,3,80,240,"[80, 160, 240]",0.8845973904454957,0.9120202475420425,0.7692307692307693,0.889,16,0.16,0.344028502702713,0.27190572023391724,185370.96875,175143.28125,10227.6875,179711.359375,11.319220542907715,2.564803684999788,0.15027548799844226,2.403243017999557,0.0059501390023797285,0.010522619999392191,0.008010810059998524,466.046875,ok,False,,,beta_mult,0.5,1.0,True
sens_synth__synthetic_n1000_d100_fixedseed3102__beta_mult__seed2__divi,run_divi_sensitivity_synth.py,2026-03-25T09:22:26Z,unknown,x86_64,cpu,x86_64,synthetic,synthetic_n1000_d100_fixedseed3102,sens_beta_mult,1000,100,3,0.1,0.9,3.0,3102,2,divi,1,divi,500.0,0.5,80,auto_entropy,141.89385332046726,1.0,0.01,1.0,0.1,300,300,4,3,80,240,"[80, 160, 240]",0.8708787969324527,0.9055473426801351,0.8333333333333334,0.85,14,0.14,0.3456381857395172,0.27470988035202026,185365.4375,176420.84375,8944.59375,179585.75,11.55936050415039,3.1422026740001456,0.20177397599945834,2.929830776000017,0.008001860000149463,0.00976239500050724,0.009766102586666724,466.80859375,ok,False,,,beta_mult,0.5,1.0,True
sens_synth__synthetic_n1000_d100_fixedseed3102__beta_mult__seed3__divi,run_divi_sensitivity_synth.py,2026-03-25T09:22:28Z,unknown,x86_64,cpu,x86_64,synthetic,synthetic_n1000_d100_fixedseed3102,sens_beta_mult,1000,100,3,0.1,0.9,3.0,3102,3,divi,1,divi,500.0,0.5,80,auto_entropy,141.89385332046726,1.0,0.01,1.0,0.1,300,300,4,3,80,240,"[80, 160, 240]",0.8703094652837517,0.9052867334965388,0.8695652173913043,0.846,13,0.13,0.3429659605026245,0.26726776361465454,185378.421875,171951.046875,13427.375,179781.515625,11.193821907043457,2.4148560499997984,0.260706263999964,2.1477512859983108,0.005773244998636073,0.005343373999494361,0.007159170953327703,465.5390625,ok,False,,,beta_mult,0.5,1.0,True
sens_synth__synthetic_n1000_d100_fixedseed3102__beta_mult__seed4__divi,run_divi_sensitivity_synth.py,2026-03-25T09:22:31Z,unknown,x86_64,cpu,x86_64,synthetic,synthetic_n1000_d100_fixedseed3102,sens_beta_mult,1000,100,3,0.1,0.9,3.0,3102,4,divi,1,divi,500.0,0.5,80,auto_entropy,141.89385332046726,1.0,0.01,1.0,0.1,300,300,4,3,80,240,"[80, 160, 240]",0.8703094652837517,0.9052867334965388,0.8,0.846,15,0.15,0.3431800603866577,0.2764397859573364,185379.484375,175188.53125,10190.953125,179767.53125,11.223920822143555,2.364758501000324,0.14979723100077535,2.207914697999513,0.006151159997898503,0.0062953310007287655,0.0073597156599983764,472.53125,ok,False,,,beta_mult,0.5,1.0,True
sens_synth__synthetic_n1000_d100_fixedseed3102__beta_mult__seed5__divi,run_divi_sensitivity_synth.py,2026-03-25T09:22:33Z,unknown,x86_64,cpu,x86_64,synthetic,synthetic_n1000_d100_fixedseed3102,sens_beta_mult,1000,100,3,0.1,0.9,3.0,3102,5,divi,1,divi,500.0,0.5,80,auto_entropy,141.89385332046726,1.0,0.01,1.0,0.1,300,300,4,3,80,240,"[80, 160, 240]",0.8708787969324527,0.9055473426801351,0.8,0.85,15,0.15,0.3444221615791321,0.27443867921829224,185372.71875,176037.4375,9335.28125,179681.15625,11.383111000061035,2.6208305019990803,0.18148027600000205,2.4306666429984034,0.005754773997978191,0.007890794999184436,0.008102222143328012,473.5546875,ok,False,,,beta_mult,0.5,1.0,True
sens_synth__synthetic_n1000_d100_fixedseed3102__beta_mult__seed6__divi,run_divi_sensitivity_synth.py,2026-03-25T09:22:36Z,unknown,x86_64,cpu,x86_64,synthetic,synthetic_n1000_d100_fixedseed3102,sens_beta_mult,1000,100,3,0.1,0.9,3.0,3102,6,divi,1,divi,500.0,0.5,80,auto_entropy,141.89385332046726,1.0,0.01,1.0,0.1,300,300,4,3,80,240,"[80, 160, 240]",0.8805842404547156,0.9100870088897038,0.8333333333333334,0.881,14,0.14,0.3432208299636841,0.27679145336151123,185373.421875,176276.75,9096.671875,179767.234375,11.212381362915039,2.195507608999833,0.15976643599969975,2.0287315400000807,0.005662897001457168,0.00612689700028568,0.006762438466666936,467.1953125,ok,False,,,beta_mult,0.5,1.0,True
sens_synth__synthetic_n1000_d100_fixedseed3102__beta_mult__seed7__divi,run_divi_sensitivity_synth.py,2026-03-25T09:22:38Z,unknown,x86_64,cpu,x86_64,synthetic,synthetic_n1000_d100_fixedseed3102,sens_beta_mult,1000,100,3,0.1,0.9,3.0,3102,7,divi,1,divi,500.0,0.5,80,auto_entropy,141.89385332046726,1.0,0.01,1.0,0.1,300,300,4,3,80,240,"[80, 160, 240]",0.8700836382453218,0.9051835311333336,0.8333333333333334,0.844,14,0.14,0.34276139736175537,0.2808624505996704,185382.25,176304.125,9078.125,179781.5,11.201513290405273,2.821078150000176,0.16370913199898496,2.6472724530012783,0.008106342000246514,0.009308538999903249,0.008824241510004261,457.1484375,ok,False,,,beta_mult,0.5,1.0,True
sens_synth__synthetic_n1000_d100_fixedseed3102__beta_mult__seed8__divi,run_divi_sensitivity_synth.py,2026-03-25T09:22:41Z,unknown,x86_64,cpu,x86_64,synthetic,synthetic_n1000_d100_fixedseed3102,sens_beta_mult,1000,100,3,0.1,0.9,3.0,3102,8,divi,1,divi,500.0,0.5,80,auto_entropy,141.89385332046726,1.0,0.01,1.0,0.1,300,300,4,3,80,240,"[80, 160, 240]",0.8698970607978391,0.9050983379362258,0.8695652173913043,0.842,13,0.13,0.34384745359420776,0.27996718883514404,185370.640625,176467.75,8902.890625,179730.984375,11.279311180114746,2.720086863000688,0.2600058699990768,2.452521743000034,0.006621144000746426,0.006512712001494947,0.00817507247666678,467.57421875,ok,False,,,beta_mult,0.5,1.0,True
sens_synth__synthetic_n1000_d100_fixedseed3102__beta_mult__seed9__divi,run_divi_sensitivity_synth.py,2026-03-25T09:22:44Z,unknown,x86_64,cpu,x86_64,synthetic,synthetic_n1000_d100_fixedseed3102,sens_beta_mult,1000,100,3,0.1,0.9,3.0,3102,9,divi,1,divi,500.0,0.5,80,auto_entropy,141.89385332046726,1.0,0.01,1.0,0.1,300,300,4,3,80,240,"[80, 160, 240]",0.8830206415011952,0.9112566126739182,0.8333333333333334,0.886,14,0.14,0.34048351645469666,0.2665538191795349,185418.90625,173540.96875,11877.9375,179945.625,10.946552276611328,2.6515029140009574,0.16453377099969657,2.4793370770003094,0.006658473999777925,0.006719685999996727,0.008264456923334364,462.23828125,ok,False,,,beta_mult,0.5,1.0,True
sens_synth__synthetic_n1000_d100_fixedseed3102__beta_mult__seed0__divi,run_divi_sensitivity_synth.py,2026-03-25T09:22:46Z,unknown,x86_64,cpu,x86_64,synthetic,synthetic_n1000_d100_fixedseed3102,sens_beta_mult,1000,100,3,0.1,0.9,3.0,3102,0,divi,1,divi,1000.0,1.0,80,auto_entropy,141.89385332046726,1.0,0.01,1.0,0.1,300,300,4,3,80,240,"[80, 160, 240]",0.9050367640593462,0.9224401943462928,1.0,0.919,10,0.1,0.261843740940094,0.1868165135383606,188118.390625,181730.328125,6388.0625,185113.75,3.004643440246582,2.5512274069988052,0.17184779200033518,2.3715778320001846,0.005665558999680798,0.0070427909995487425,0.007905259440000615,462.87890625,ok,False,,,beta_mult,1.0,1.0,True
sens_synth__synthetic_n1000_d100_fixedseed3102__beta_mult__seed1__divi,run_divi_sensitivity_synth.py,2026-03-25T09:22:49Z,unknown,x86_64,cpu,x86_64,synthetic,synthetic_n1000_d100_fixedseed3102,sens_beta_mult,1000,100,3,0.1,0.9,3.0,3102,1,divi,1,divi,1000.0,1.0,80,auto_entropy,141.89385332046726,1.0,0.01,1.0,0.1,300,300,4,3,80,240,"[80, 160, 240]",0.8880081922989718,0.9136906351009465,1.0,0.895,10,0.1,0.2617155909538269,0.1800341010093689,188104.46875,179295.5625,8808.90625,185116.03125,2.9884297847747803,2.5176935409999714,0.1602070270000695,2.3465113500005828,0.00783974899968598,0.010226005999356858,0.007821704500001943,467.07421875,ok,False,,,beta_mult,1.0,1.0,True
sens_synth__synthetic_n1000_d100_fixedseed3102__beta_mult__seed2__divi,run_divi_sensitivity_synth.py,2026-03-25T09:22:52Z,unknown,x86_64,cpu,x86_64,synthetic,synthetic_n1000_d100_fixedseed3102,sens_beta_mult,1000,100,3,0.1,0.9,3.0,3102,2,divi,1,divi,1000.0,1.0,80,auto_entropy,141.89385332046726,1.0,0.01,1.0,0.1,300,300,4,3,80,240,"[80, 160, 240]",0.871408677445161,0.9057904437620785,1.0,0.853,10,0.1,0.25780367851257324,0.1772044450044632,188072.5625,179973.09375,8099.46875,185360.109375,2.712459087371826,2.7280247090002376,0.1679653689989209,2.5517771059985535,0.009720342000946403,0.007490576999771292,0.008505923686661844,467.078125,ok,False,,,beta_mult,1.0,1.0,True
sens_synth__synthetic_n1000_d100_fixedseed3102__beta_mult__seed3__divi,run_divi_sensitivity_synth.py,2026-03-25T09:22:54Z,unknown,x86_64,cpu,x86_64,synthetic,synthetic_n1000_d100_fixedseed3102,sens_beta_mult,1000,100,3,0.1,0.9,3.0,3102,3,divi,1,divi,1000.0,1.0,80,auto_entropy,141.89385332046726,1.0,0.01,1.0,0.1,300,300,4,3,80,240,"[80, 160, 240]",0.8710456305995662,0.905623826041484,1.0,0.851,10,0.1,0.25718235969543457,0.16916368901729584,188104.953125,179621.640625,8483.3125,185419.75,2.6851956844329834,2.354135085000962,0.23403889299879665,2.112472995999269,0.005358373999115429,0.006651796998994541,0.007041576653330897,471.40234375,ok,False,,,beta_mult,1.0,1.0,True
sens_synth__synthetic_n1000_d100_fixedseed3102__beta_mult__seed4__divi,run_divi_sensitivity_synth.py,2026-03-25T09:22:56Z,unknown,x86_64,cpu,x86_64,synthetic,synthetic_n1000_d100_fixedseed3102,sens_beta_mult,1000,100,3,0.1,0.9,3.0,3102,4,divi,1,divi,1000.0,1.0,80,auto_entropy,141.89385332046726,1.0,0.01,1.0,0.1,300,300,4,3,80,240,"[80, 160, 240]",0.8696908176385139,0.9050042410529601,1.0,0.839,10,0.1,0.2572711706161499,0.16975745558738708,188090.921875,178831.546875,9259.375,185409.234375,2.681694507598877,2.1130285060007736,0.1531195759998809,1.9530921620007575,0.005230741999184829,0.006038939998688875,0.006510307206669192,469.11328125,ok,False,,,beta_mult,1.0,1.0,True
sens_synth__synthetic_n1000_d100_fixedseed3102__beta_mult__seed5__divi,run_divi_sensitivity_synth.py,2026-03-25T09:22:59Z,unknown,x86_64,cpu,x86_64,synthetic,synthetic_n1000_d100_fixedseed3102,sens_beta_mult,1000,100,3,0.1,0.9,3.0,3102,5,divi,1,divi,1000.0,1.0,80,auto_entropy,141.89385332046726,1.0,0.01,1.0,0.1,300,300,4,3,80,240,"[80, 160, 240]",0.8712222585481156,0.9057048569349366,1.0,0.852,10,0.1,0.25903117656707764,0.17669948935508728,188100.96875,180206.765625,7894.203125,185291.953125,2.8090105056762695,2.524131199999829,0.16196046500044758,2.3516030169994337,0.007007700001850026,0.009811145999265136,0.007838676723331446,462.12109375,ok,False,,,beta_mult,1.0,1.0,True
sens_synth__synthetic_n1000_d100_fixedseed3102__beta_mult__seed6__divi,run_divi_sensitivity_synth.py,2026-03-25T09:23:01Z,unknown,x86_64,cpu,x86_64,synthetic,synthetic_n1000_d100_fixedseed3102,sens_beta_mult,1000,100,3,0.1,0.9,3.0,3102,6,divi,1,divi,1000.0,1.0,80,auto_entropy,141.89385332046726,1.0,0.01,1.0,0.1,300,300,4,3,80,240,"[80, 160, 240]",0.8845973904454957,0.9120202475420425,1.0,0.889,10,0.1,0.2601928412914276,0.17743441462516785,188132.359375,180989.0625,7143.296875,185221.5625,2.910790205001831,2.5225548570015235,0.15396306999900844,2.360089133000656,0.0059708669996325625,0.007710208999924362,0.007866963776668854,475.09765625,ok,False,,,beta_mult,1.0,1.0,True
sens_synth__synthetic_n1000_d100_fixedseed3102__beta_mult__seed7__divi,run_divi_sensitivity_synth.py,2026-03-25T09:23:04Z,unknown,x86_64,cpu,x86_64,synthetic,synthetic_n1000_d100_fixedseed3102,sens_beta_mult,1000,100,3,0.1,0.9,3.0,3102,7,divi,1,divi,1000.0,1.0,80,auto_entropy,141.89385332046726,1.0,0.01,1.0,0.1,300,300,4,3,80,240,"[80, 160, 240]",0.8701916465625515,0.9052328786980447,1.0,0.845,10,0.1,0.25921228528022766,0.18130731582641602,188139.203125,180854.640625,7284.5625,185272.4375,2.866772413253784,2.700663703999453,0.15312201999950048,2.539535847001389,0.0068568700007745065,0.007229040000311215,0.008465119490004629,471.7890625,ok,False,,,beta_mult,1.0,1.0,True
sens_synth__synthetic_n1000_d100_fixedseed3102__beta_mult__seed8__divi,run_divi_sensitivity_synth.py,2026-03-25T09:23:07Z,unknown,x86_64,cpu,x86_64,synthetic,synthetic_n1000_d100_fixedseed3102,sens_beta_mult,1000,100,3,0.1,0.9,3.0,3102,8,divi,1,divi,1000.0,1.0,80,auto_entropy,141.89385332046726,1.0,0.01,1.0,0.1,300,300,4,3,80,240,"[80, 160, 240]",0.8705745248526675,0.9054079873788929,1.0,0.848,10,0.1,0.25938189029693604,0.17786678671836853,188104.6875,182211.25,5893.4375,185276.1875,2.82849383354187,2.7940055269991717,0.21840084700124862,2.568759409999984,0.006390112997905817,0.005575720999331679,0.008562531366666614,472.42578125,ok,False,,,beta_mult,1.0,1.0,True
sens_synth__synthetic_n1000_d100_fixedseed3102__beta_mult__seed9__divi,run_divi_sensitivity_synth.py,2026-03-25T09:23:09Z,unknown,x86_64,cpu,x86_64,synthetic,synthetic_n1000_d100_fixedseed3102,sens_beta_mult,1000,100,3,0.1,0.9,3.0,3102,9,divi,1,divi,1000.0,1.0,80,auto_entropy,141.89385332046726,1.0,0.01,1.0,0.1,300,300,4,3,80,240,"[80, 160, 240]",0.8868332359052344,0.9131123232758319,1.0,0.893,10,0.1,0.25924816727638245,0.18463066220283508,188153.5625,178901.96875,9251.59375,185279.90625,2.8736491203308105,2.4974763879999955,0.15968326899928798,2.330665486999351,0.005865323997568339,0.006206474999999045,0.007768884956664503,469.75390625,ok,False,,,beta_mult,1.0,1.0,True
sens_synth__synthetic_n1000_d100_fixedseed3102__beta_mult__seed0__divi,run_divi_sensitivity_synth.py,2026-03-25T09:23:12Z,unknown,x86_64,cpu,x86_64,synthetic,synthetic_n1000_d100_fixedseed3102,sens_beta_mult,1000,100,3,0.1,0.9,3.0,3102,0,divi,1,divi,2000.0,2.0,80,auto_entropy,141.89385332046726,1.0,0.01,1.0,0.1,300,300,4,3,80,240,"[80, 160, 240]",0.9002772499333923,0.919921788208808,1.0,0.913,10,0.1,0.21716395020484924,0.13578259944915771,189201.84375,182900.84375,6301.0,188048.984375,0.5764315724372864,2.2575874810008827,0.1463549090003653,2.1037787519999256,0.00539915500121424,0.006736507000823622,0.007012595839999752,468.9921875,ok,False,,,beta_mult,2.0,1.0,True
sens_synth__synthetic_n1000_d100_fixedseed3102__beta_mult__seed1__divi,run_divi_sensitivity_synth.py,2026-03-25T09:23:14Z,unknown,x86_64,cpu,x86_64,synthetic,synthetic_n1000_d100_fixedseed3102,sens_beta_mult,1000,100,3,0.1,0.9,3.0,3102,1,divi,1,divi,2000.0,2.0,80,auto_entropy,141.89385332046726,1.0,0.01,1.0,0.1,300,300,4,3,80,240,"[80, 160, 240]",0.8958507323737304,0.9176318392074623,1.0,0.907,10,0.1,0.2168044149875641,0.13390979170799255,189199.484375,180613.609375,8585.875,188064.078125,0.5677043199539185,2.4157406329995865,0.15025855599924398,2.258909295000194,0.006295360999502009,0.0058331190011813305,0.007529697650000647,468.734375,ok,False,,,beta_mult,2.0,1.0,True
sens_synth__synthetic_n1000_d100_fixedseed3102__beta_mult__seed2__divi,run_divi_sensitivity_synth.py,2026-03-25T09:23:17Z,unknown,x86_64,cpu,x86_64,synthetic,synthetic_n1000_d100_fixedseed3102,sens_beta_mult,1000,100,3,0.1,0.9,3.0,3102,2,divi,1,divi,2000.0,2.0,80,auto_entropy,141.89385332046726,1.0,0.01,1.0,0.1,300,300,4,3,80,240,"[80, 160, 240]",0.8716048837736232,0.9058805954152667,1.0,0.854,10,0.1,0.21540452539920807,0.13289813697338104,189170.9375,181893.6875,7277.25,188145.1875,0.5128788352012634,2.9294062469998607,0.14781597799992596,2.772327287000735,0.009439154999199673,0.008559969999623718,0.009241090956669116,466.83203125,ok,False,,,beta_mult,2.0,1.0,True
sens_synth__synthetic_n1000_d100_fixedseed3102__beta_mult__seed3__divi,run_divi_sensitivity_synth.py,2026-03-25T09:23:20Z,unknown,x86_64,cpu,x86_64,synthetic,synthetic_n1000_d100_fixedseed3102,sens_beta_mult,1000,100,3,0.1,0.9,3.0,3102,3,divi,1,divi,2000.0,2.0,80,auto_entropy,141.89385332046726,1.0,0.01,1.0,0.1,300,300,4,3,80,240,"[80, 160, 240]",0.8708787969324527,0.9055473426801351,1.0,0.85,10,0.1,0.2160026729106903,0.12688566744327545,189181.203125,181002.015625,8179.1875,188123.515625,0.52884441614151,2.6042069810009707,0.23628724700029125,2.358666121999704,0.005620367001029081,0.008351690999916173,0.00786222040666568,461.74609375,ok,False,,,beta_mult,2.0,1.0,True
sens_synth__synthetic_n1000_d100_fixedseed3102__beta_mult__seed4__divi,run_divi_sensitivity_synth.py,2026-03-25T09:23:22Z,unknown,x86_64,cpu,x86_64,synthetic,synthetic_n1000_d100_fixedseed3102,sens_beta_mult,1000,100,3,0.1,0.9,3.0,3102,4,divi,1,divi,2000.0,2.0,80,auto_entropy,141.89385332046726,1.0,0.01,1.0,0.1,300,300,4,3,80,240,"[80, 160, 240]",0.8707217606954198,0.9054753989363094,1.0,0.849,10,0.1,0.2147400677204132,0.12946546077728271,189187.625,181734.96875,7452.65625,188201.484375,0.49307116866111755,2.4003407519994653,0.1503151139986585,2.2422605939991627,0.0056467619997420115,0.006973293000555714,0.007474201979997209,478.15234375,ok,False,,,beta_mult,2.0,1.0,True
sens_synth__synthetic_n1000_d100_fixedseed3102__beta_mult__seed5__divi,run_divi_sensitivity_synth.py,2026-03-25T09:23:24Z,unknown,x86_64,cpu,x86_64,synthetic,synthetic_n1000_d100_fixedseed3102,sens_beta_mult,1000,100,3,0.1,0.9,3.0,3102,5,divi,1,divi,2000.0,2.0,80,auto_entropy,141.89385332046726,1.0,0.01,1.0,0.1,300,300,4,3,80,240,"[80, 160, 240]",0.8703094652837517,0.9052867334965388,1.0,0.846,10,0.1,0.2162720263004303,0.13216914236545563,189180.6875,182002.359375,7178.328125,188101.71875,0.5394876003265381,2.3670290609989024,0.14523167600054876,2.214078047998555,0.00558126100077061,0.007013964999714517,0.007380260159995183,472.8125,ok,False,,,beta_mult,2.0,1.0,True
sens_synth__synthetic_n1000_d100_fixedseed3102__beta_mult__seed6__divi,run_divi_sensitivity_synth.py,2026-03-25T09:23:27Z,unknown,x86_64,cpu,x86_64,synthetic,synthetic_n1000_d100_fixedseed3102,sens_beta_mult,1000,100,3,0.1,0.9,3.0,3102,6,divi,1,divi,2000.0,2.0,80,auto_entropy,141.89385332046726,1.0,0.01,1.0,0.1,300,300,4,3,80,240,"[80, 160, 240]",0.8862600002033278,0.9128312882442233,1.0,0.892,10,0.1,0.21577417850494385,0.1323864758014679,189219.21875,182813.90625,6405.3125,188139.328125,0.5399429798126221,2.345601312999861,0.1509655979989475,2.1868518110004516,0.00557680899873958,0.007015787999989698,0.007289506036668172,456.1484375,ok,False,,,beta_mult,2.0,1.0,True
sens_synth__synthetic_n1000_d100_fixedseed3102__beta_mult__seed7__divi,run_divi_sensitivity_synth.py,2026-03-25T09:23:29Z,unknown,x86_64,cpu,x86_64,synthetic,synthetic_n1000_d100_fixedseed3102,sens_beta_mult,1000,100,3,0.1,0.9,3.0,3102,7,divi,1,divi,2000.0,2.0,80,auto_entropy,141.89385332046726,1.0,0.01,1.0,0.1,300,300,4,3,80,240,"[80, 160, 240]",0.871408677445161,0.9057904437620785,1.0,0.853,10,0.1,0.2166973501443863,0.13324430584907532,189197.65625,183146.71875,6050.9375,188065.515625,0.5660732984542847,2.664570585000547,0.17766352199942048,2.4768773359992338,0.007294471999557572,0.00922500900014711,0.008256257786664112,461.75,ok,False,,,beta_mult,2.0,1.0,True
sens_synth__synthetic_n1000_d100_fixedseed3102__beta_mult__seed8__divi,run_divi_sensitivity_synth.py,2026-03-25T09:23:32Z,unknown,x86_64,cpu,x86_64,synthetic,synthetic_n1000_d100_fixedseed3102,sens_beta_mult,1000,100,3,0.1,0.9,3.0,3102,8,divi,1,divi,2000.0,2.0,80,auto_entropy,141.89385332046726,1.0,0.01,1.0,0.1,300,300,4,3,80,240,"[80, 160, 240]",0.8707217606954198,0.9054753989363094,1.0,0.849,10,0.1,0.21476009488105774,0.13011303544044495,189222.40625,184031.28125,5191.125,188203.875,0.5092661380767822,2.8447215510004753,0.2608941849994153,2.575091190999956,0.006579677999980049,0.007680525000978378,0.008583637303333187,479.30078125,ok,False,,,beta_mult,2.0,1.0,True
sens_synth__synthetic_n1000_d100_fixedseed3102__beta_mult__seed9__divi,run_divi_sensitivity_synth.py,2026-03-25T09:23:34Z,unknown,x86_64,cpu,x86_64,synthetic,synthetic_n1000_d100_fixedseed3102,sens_beta_mult,1000,100,3,0.1,0.9,3.0,3102,9,divi,1,divi,2000.0,2.0,80,auto_entropy,141.89385332046726,1.0,0.01,1.0,0.1,300,300,4,3,80,240,"[80, 160, 240]",0.889841674406549,0.9145992634485721,1.0,0.898,10,0.1,0.2165791094303131,0.1364615261554718,189224.671875,182667.515625,6557.15625,188081.046875,0.5718142986297607,2.2237510369996016,0.15399388399964664,2.0638221460012574,0.006439292999857571,0.005168736999621615,0.006879407153337525,462.89453125,ok,False,,,beta_mult,2.0,1.0,True
sens_synth__synthetic_n1000_d100_fixedseed3102__beta_mult__seed0__divi,run_divi_sensitivity_synth.py,2026-03-25T09:23:37Z,unknown,x86_64,cpu,x86_64,synthetic,synthetic_n1000_d100_fixedseed3102,sens_beta_mult,1000,100,3,0.1,0.9,3.0,3102,0,divi,1,divi,4000.0,4.0,80,auto_entropy,141.89385332046726,1.0,0.01,1.0,0.1,300,300,4,3,80,240,"[80, 160, 240]",0.8951455628445485,0.9172715133207003,1.0,0.906,10,0.1,0.2006182074546814,0.1155073493719101,189667.734375,183964.875,5702.859375,189134.5,0.13330841064453125,2.424560551000468,0.15197469199847546,2.2651334009988204,0.005483427999934065,0.006533732999741915,0.007550444669996068,463.01953125,ok,False,,,beta_mult,4.0,1.0,True
sens_synth__synthetic_n1000_d100_fixedseed3102__beta_mult__seed1__divi,run_divi_sensitivity_synth.py,2026-03-25T09:23:39Z,unknown,x86_64,cpu,x86_64,synthetic,synthetic_n1000_d100_fixedseed3102,sens_beta_mult,1000,100,3,0.1,0.9,3.0,3102,1,divi,1,divi,4000.0,4.0,80,auto_entropy,141.89385332046726,1.0,0.01,1.0,0.1,300,300,4,3,80,240,"[80, 160, 240]",0.9002772499333923,0.9199217882088078,1.0,0.913,10,0.1,0.1999468207359314,0.11724944412708282,189669.265625,181323.390625,8345.875,189170.25,0.12475572526454926,2.297210789998644,0.14933051300067746,2.1406002050007373,0.006243111001822399,0.00652893100050278,0.0071353340166691245,473.3203125,ok,False,,,beta_mult,4.0,1.0,True
sens_synth__synthetic_n1000_d100_fixedseed3102__beta_mult__seed2__divi,run_divi_sensitivity_synth.py,2026-03-25T09:23:42Z,unknown,x86_64,cpu,x86_64,synthetic,synthetic_n1000_d100_fixedseed3102,sens_beta_mult,1000,100,3,0.1,0.9,3.0,3102,2,divi,1,divi,4000.0,4.0,80,auto_entropy,141.89385332046726,1.0,0.01,1.0,0.1,300,300,4,3,80,240,"[80, 160, 240]",0.8716048837736232,0.9058805954152667,1.0,0.854,10,0.1,0.1997409611940384,0.11406069993972778,189644.21875,182951.46875,6692.75,189174.375,0.11746235936880112,2.7353198759992665,0.15416148300028,2.572370628000499,0.00588303600125073,0.007886184001108631,0.008574568760001663,466.078125,ok,False,,,beta_mult,4.0,1.0,True
sens_synth__synthetic_n1000_d100_fixedseed3102__beta_mult__seed3__divi,run_divi_sensitivity_synth.py,2026-03-25T09:23:45Z,unknown,x86_64,cpu,x86_64,synthetic,synthetic_n1000_d100_fixedseed3102,sens_beta_mult,1000,100,3,0.1,0.9,3.0,3102,3,divi,1,divi,4000.0,4.0,80,auto_entropy,141.89385332046726,1.0,0.01,1.0,0.1,300,300,4,3,80,240,"[80, 160, 240]",0.871408677445161,0.9057904437620785,1.0,0.853,10,0.1,0.1993831843137741,0.1128445714712143,189655.34375,181486.859375,8168.484375,189215.125,0.11005395650863647,2.819490534999204,0.2150834499989287,2.597857449000003,0.00676091599962092,0.005584546001045965,0.00865952483000001,471.29296875,ok,False,,,beta_mult,4.0,1.0,True
sens_synth__synthetic_n1000_d100_fixedseed3102__beta_mult__seed4__divi,run_divi_sensitivity_synth.py,2026-03-25T09:23:47Z,unknown,x86_64,cpu,x86_64,synthetic,synthetic_n1000_d100_fixedseed3102,sens_beta_mult,1000,100,3,0.1,0.9,3.0,3102,4,divi,1,divi,4000.0,4.0,80,auto_entropy,141.89385332046726,1.0,0.01,1.0,0.1,300,300,4,3,80,240,"[80, 160, 240]",0.8703094652837517,0.905286733496539,1.0,0.846,10,0.1,0.19931522011756897,0.11429010331630707,189649.609375,183643.703125,6005.90625,189214.46875,0.10878607630729675,2.3753499909998936,0.14802229099950637,2.219637194000825,0.006056327998521738,0.006911849999596598,0.007398790646669416,472.0546875,ok,False,,,beta_mult,4.0,1.0,True
sens_synth__synthetic_n1000_d100_fixedseed3102__beta_mult__seed5__divi,run_divi_sensitivity_synth.py,2026-03-25T09:23:50Z,unknown,x86_64,cpu,x86_64,synthetic,synthetic_n1000_d100_fixedseed3102,sens_beta_mult,1000,100,3,0.1,0.9,3.0,3102,5,divi,1,divi,4000.0,4.0,80,auto_entropy,141.89385332046726,1.0,0.01,1.0,0.1,300,300,4,3,80,240,"[80, 160, 240]",0.8704370921838113,0.9053451010569301,1.0,0.847,10,0.1,0.20030571520328522,0.11472629010677338,189654.484375,183140.65625,6513.828125,189151.09375,0.12584640085697174,2.3993349369993666,0.15286438399925828,2.2395255329993233,0.0059801699990202906,0.0060939880004298175,0.007465085109997744,473.96484375,ok,False,,,beta_mult,4.0,1.0,True
sens_synth__synthetic_n1000_d100_fixedseed3102__beta_mult__seed6__divi,run_divi_sensitivity_synth.py,2026-03-25T09:23:52Z,unknown,x86_64,cpu,x86_64,synthetic,synthetic_n1000_d100_fixedseed3102,sens_beta_mult,1000,100,3,0.1,0.9,3.0,3102,6,divi,1,divi,4000.0,4.0,80,auto_entropy,141.89385332046726,1.0,0.01,1.0,0.1,300,300,4,3,80,240,"[80, 160, 240]",0.8886098911660266,0.9139879850656342,1.0,0.896,10,0.1,0.1999615877866745,0.11368357390165329,189676.203125,183879.5625,5796.640625,189177.3125,0.1247222051024437,2.250113316000352,0.15277794299981906,2.0907801760004077,0.006497925000076066,0.005664610000167158,0.006969267253334692,466.71484375,ok,False,,,beta_mult,4.0,1.0,True
sens_synth__synthetic_n1000_d100_fixedseed3102__beta_mult__seed7__divi,run_divi_sensitivity_synth.py,2026-03-25T09:23:55Z,unknown,x86_64,cpu,x86_64,synthetic,synthetic_n1000_d100_fixedseed3102,sens_beta_mult,1000,100,3,0.1,0.9,3.0,3102,7,divi,1,divi,4000.0,4.0,80,auto_entropy,141.89385332046726,1.0,0.01,1.0,0.1,300,300,4,3,80,240,"[80, 160, 240]",0.8710456305995662,0.905623826041484,1.0,0.851,10,0.1,0.1995518058538437,0.10976500809192657,189668.890625,184543.234375,5125.65625,189191.921875,0.1192435771226883,2.894073264000326,0.170713595000052,2.7139101489992754,0.007460942997568054,0.00866299799963599,0.009046367163330918,469.390625,ok,False,,,beta_mult,4.0,1.0,True
sens_synth__synthetic_n1000_d100_fixedseed3102__beta_mult__seed8__divi,run_divi_sensitivity_synth.py,2026-03-25T09:23:57Z,unknown,x86_64,cpu,x86_64,synthetic,synthetic_n1000_d100_fixedseed3102,sens_beta_mult,1000,100,3,0.1,0.9,3.0,3102,8,divi,1,divi,4000.0,4.0,80,auto_entropy,141.89385332046726,1.0,0.01,1.0,0.1,300,300,4,3,80,240,"[80, 160, 240]",0.8732520421292927,0.9066403240992439,1.0,0.861,10,0.1,0.19983027875423431,0.1144733875989914,189672.078125,184324.328125,5347.75,189183.875,0.12205124646425247,2.6880813050011056,0.22348685099859722,2.457756468000298,0.00754831299855141,0.005857234998984495,0.008192521560000993,464.171875,ok,False,,,beta_mult,4.0,1.0,True
sens_synth__synthetic_n1000_d100_fixedseed3102__beta_mult__seed9__divi,run_divi_sensitivity_synth.py,2026-03-25T09:24:00Z,unknown,x86_64,cpu,x86_64,synthetic,synthetic_n1000_d100_fixedseed3102,sens_beta_mult,1000,100,3,0.1,0.9,3.0,3102,9,divi,1,divi,4000.0,4.0,80,auto_entropy,141.89385332046726,1.0,0.01,1.0,0.1,300,300,4,3,80,240,"[80, 160, 240]",0.889841674406549,0.9145992634485721,1.0,0.898,10,0.1,0.20025625824928284,0.11224906146526337,189669.046875,182985.203125,6683.84375,189152.515625,0.12913189828395844,2.3742986590004875,0.15351839600043604,2.213146518999565,0.005549010998947779,0.006932225000127801,0.007377155063331884,463.79296875,ok,False,,,beta_mult,4.0,1.0,True
