scenario,n,d,k,d_info,delta,noise_sd,seed,method,status,error,ARI,NMI,runtime_sec,final_K,active_dims,feature_f1_thresh,feature_f1_topd
high_dim_scaling,600,100,3,10,2.0,3.0,1,DIVI-Info,ok,,0.9900041668585104,0.9808938144286627,2.9842703289998553,3,11.0,0.9523809523809523,1.0
high_dim_scaling,600,100,3,10,2.0,3.0,1,K-means,ok,,0.9949958125176231,0.990445010867515,0.09454233399992518,3,,,
high_dim_scaling,600,100,3,10,2.0,3.0,1,diag-GMM,ok,,0.9900041668585104,0.9808938144286627,0.07930721700017784,3,,,
high_dim_scaling,600,100,3,10,2.0,3.0,1,PCA(50)+K-means,ok,,0.9900042509932298,0.9808936881946647,0.0890858699999626,3,50.0,,
high_dim_scaling,600,100,3,10,2.0,3.0,1,PCA(50)+diag-GMM,ok,,0.9949958125176231,0.990445010867515,0.09618809099993086,3,50.0,,
high_dim_scaling,600,100,3,10,2.0,3.0,2,DIVI-Info,ok,,0.9949958125176231,0.990445010867515,2.1023232810000536,3,10.0,1.0,1.0
high_dim_scaling,600,100,3,10,2.0,3.0,2,K-means,ok,,0.9900168347249766,0.9829929733076637,0.0918593480000709,3,,,
high_dim_scaling,600,100,3,10,2.0,3.0,2,diag-GMM,ok,,0.9949958125176231,0.990445010867515,0.05700672200009649,3,,,
high_dim_scaling,600,100,3,10,2.0,3.0,2,PCA(50)+K-means,ok,,0.9900166666666667,0.9808976795715441,0.08604778699987037,3,50.0,,
high_dim_scaling,600,100,3,10,2.0,3.0,2,PCA(50)+diag-GMM,ok,,0.9900166666666667,0.9808976795715441,0.06163207899999179,3,50.0,,
high_dim_scaling,600,100,3,10,2.0,3.0,3,DIVI-Info,ok,,0.9949958125176231,0.990445010867515,1.913772230999939,3,13.0,0.8695652173913043,1.0
high_dim_scaling,600,100,3,10,2.0,3.0,3,K-means,ok,,0.9751809851776744,0.9606511251434577,0.05262537799990241,3,,,
high_dim_scaling,600,100,3,10,2.0,3.0,3,diag-GMM,ok,,0.9900168347249766,0.9829929733076637,0.0378704590000325,3,,,
high_dim_scaling,600,100,3,10,2.0,3.0,3,PCA(50)+K-means,ok,,0.9751809851776744,0.9606511251434577,0.04884020200006489,3,50.0,,
high_dim_scaling,600,100,3,10,2.0,3.0,3,PCA(50)+diag-GMM,ok,,0.9850631913879141,0.9763344852092004,0.03677662500012957,3,50.0,,
high_dim_scaling,600,100,3,10,2.0,3.0,4,DIVI-Info,ok,,1.0,1.0,1.5388331750000361,3,14.0,0.8333333333333334,1.0
high_dim_scaling,600,100,3,10,2.0,3.0,4,K-means,ok,,0.9900166666666667,0.9808976795715441,0.06522838500018224,3,,,
high_dim_scaling,600,100,3,10,2.0,3.0,4,diag-GMM,ok,,1.0,1.0,0.038507649000166566,3,,,
high_dim_scaling,600,100,3,10,2.0,3.0,4,PCA(50)+K-means,ok,,0.98997916755783,0.9808861032850347,0.06669360099999722,3,50.0,,
high_dim_scaling,600,100,3,10,2.0,3.0,4,PCA(50)+diag-GMM,ok,,0.9949958125176231,0.990445010867515,0.042120923000084076,3,50.0,,
high_dim_scaling,600,100,3,10,2.0,3.0,5,DIVI-Info,ok,,1.0,1.0,1.5418330489999335,3,12.0,0.9090909090909091,1.0
high_dim_scaling,600,100,3,10,2.0,3.0,5,K-means,ok,,0.9850626884924543,0.9734533486498996,0.055106788000102824,3,,,
high_dim_scaling,600,100,3,10,2.0,3.0,5,diag-GMM,ok,,0.9949958125176231,0.990445010867515,0.0425288639999053,3,,,
high_dim_scaling,600,100,3,10,2.0,3.0,5,PCA(50)+K-means,ok,,0.9850626884924543,0.9734533486498996,0.0653687120000086,3,50.0,,
high_dim_scaling,600,100,3,10,2.0,3.0,5,PCA(50)+diag-GMM,ok,,0.9900166666666667,0.9808976795715441,0.04006412600006115,3,50.0,,
high_dim_scaling,600,100,3,10,2.0,3.0,6,DIVI-Info,ok,,0.9949958125176231,0.990445010867515,1.5357877820001704,3,12.0,0.9090909090909091,1.0
high_dim_scaling,600,100,3,10,2.0,3.0,6,K-means,ok,,0.9949958125176231,0.9904450108675152,0.05448410399981185,3,,,
high_dim_scaling,600,100,3,10,2.0,3.0,6,diag-GMM,ok,,0.9949958125176231,0.9904450108675152,0.03777208599990445,3,,,
high_dim_scaling,600,100,3,10,2.0,3.0,6,PCA(50)+K-means,ok,,0.9900168347249766,0.9829929733076634,0.04905610000014349,3,50.0,,
high_dim_scaling,600,100,3,10,2.0,3.0,6,PCA(50)+diag-GMM,ok,,0.9949958125176231,0.990445010867515,0.04130475499982822,3,50.0,,
high_dim_scaling,600,100,3,10,2.0,3.0,7,DIVI-Info,ok,,0.9949958125176231,0.990445010867515,1.453059698000061,3,12.0,0.9090909090909091,1.0
high_dim_scaling,600,100,3,10,2.0,3.0,7,K-means,ok,,0.9850379826540705,0.9734452146288187,0.061203575000035926,3,,,
high_dim_scaling,600,100,3,10,2.0,3.0,7,diag-GMM,ok,,0.9949958125176231,0.990445010867515,0.07252564099985648,3,,,
high_dim_scaling,600,100,3,10,2.0,3.0,7,PCA(50)+K-means,ok,,1.0,1.0,0.05278600099995856,3,50.0,,
high_dim_scaling,600,100,3,10,2.0,3.0,7,PCA(50)+diag-GMM,ok,,0.9849878166277639,0.9734300455833589,0.046930974999895625,3,50.0,,
high_dim_scaling,600,100,3,10,2.0,3.0,8,DIVI-Info,ok,,1.0,1.0,1.5453815200000918,3,13.0,0.8695652173913043,1.0
high_dim_scaling,600,100,3,10,2.0,3.0,8,K-means,ok,,0.9850626884924543,0.9734533486498999,0.05344466599990483,3,,,
high_dim_scaling,600,100,3,10,2.0,3.0,8,diag-GMM,ok,,1.0,1.0,0.03920747400002256,3,,,
high_dim_scaling,600,100,3,10,2.0,3.0,8,PCA(50)+K-means,ok,,0.9850626884924543,0.9734533486498996,0.04764782400002332,3,50.0,,
high_dim_scaling,600,100,3,10,2.0,3.0,8,PCA(50)+diag-GMM,ok,,0.9900168347249766,0.9829929733076634,0.06312516200000573,3,50.0,,
high_dim_scaling,600,100,3,10,2.0,3.0,9,DIVI-Info,ok,,1.0,1.0,2.0473733169999377,3,11.0,0.9523809523809523,1.0
high_dim_scaling,600,100,3,10,2.0,3.0,9,K-means,ok,,0.9949958125176231,0.990445010867515,0.08403750299999047,3,,,
high_dim_scaling,600,100,3,10,2.0,3.0,9,diag-GMM,ok,,1.0,1.0,0.056253959000059695,3,,,
high_dim_scaling,600,100,3,10,2.0,3.0,9,PCA(50)+K-means,ok,,0.9949958125176231,0.990445010867515,0.07666079999989961,3,50.0,,
high_dim_scaling,600,100,3,10,2.0,3.0,9,PCA(50)+diag-GMM,ok,,1.0,1.0,0.06416979300001913,3,50.0,,
high_dim_scaling,600,100,3,10,2.0,3.0,10,DIVI-Info,ok,,0.9949958125176231,0.990445010867515,2.100314973999957,3,13.0,0.8695652173913043,1.0
high_dim_scaling,600,100,3,10,2.0,3.0,10,K-means,ok,,0.9800838361096267,0.9660011177521188,0.10627896699998018,3,,,
high_dim_scaling,600,100,3,10,2.0,3.0,10,diag-GMM,ok,,0.9949958125176231,0.990445010867515,0.059453699999949094,3,,,
high_dim_scaling,600,100,3,10,2.0,3.0,10,PCA(50)+K-means,ok,,0.9751552754716795,0.9593501426586537,0.09243277000018679,3,50.0,,
high_dim_scaling,600,100,3,10,2.0,3.0,10,PCA(50)+diag-GMM,ok,,0.9949958125176231,0.990445010867515,0.06843766299994058,3,50.0,,
high_dim_scaling,600,500,3,10,2.0,3.0,1,DIVI-Info,ok,,0.9850626884924543,0.9734533486498996,7.100853576999953,3,60.0,0.2857142857142857,1.0
high_dim_scaling,600,500,3,10,2.0,3.0,1,K-means,ok,,0.6413608196275089,0.6046729149382881,0.1697582010001497,3,,,
high_dim_scaling,600,500,3,10,2.0,3.0,1,diag-GMM,ok,,0.985037604845926,0.9713502414949172,0.3413733709999178,3,,,
high_dim_scaling,600,500,3,10,2.0,3.0,1,PCA(50)+K-means,ok,,0.8267863021738073,0.7793116497799031,0.07849418599994351,3,50.0,,
high_dim_scaling,600,500,3,10,2.0,3.0,1,PCA(50)+diag-GMM,ok,,0.9752298990533981,0.9593738837538625,0.11418755599993347,3,50.0,,
high_dim_scaling,600,500,3,10,2.0,3.0,2,DIVI-Info,ok,,0.9949958125176231,0.990445010867515,7.810172605000162,3,60.0,0.2857142857142857,1.0
high_dim_scaling,600,500,3,10,2.0,3.0,2,K-means,ok,,0.5938193054415433,0.5859474170533844,0.19439363800006504,3,,,
high_dim_scaling,600,500,3,10,2.0,3.0,2,diag-GMM,ok,,0.9801350059845216,0.9701911554558436,0.49491047199990135,3,,,
high_dim_scaling,600,500,3,10,2.0,3.0,2,PCA(50)+K-means,ok,,0.6027257567712052,0.6004369614032695,0.07648055899994688,3,50.0,,
high_dim_scaling,600,500,3,10,2.0,3.0,2,PCA(50)+diag-GMM,ok,,0.47057516718967046,0.5294092171911732,0.16243381399999635,3,50.0,,
high_dim_scaling,600,500,3,10,2.0,3.0,3,DIVI-Info,ok,,1.0,1.0,7.281182767000018,3,68.0,0.2564102564102564,1.0
high_dim_scaling,600,500,3,10,2.0,3.0,3,K-means,ok,,0.5360840182838572,0.5277604504472854,0.17463054600011674,3,,,
high_dim_scaling,600,500,3,10,2.0,3.0,3,diag-GMM,ok,,0.9900166666666667,0.9808976795715441,0.389002906000087,3,,,
high_dim_scaling,600,500,3,10,2.0,3.0,3,PCA(50)+K-means,ok,,0.7903402361316421,0.7498037698304207,0.08444389999999657,3,50.0,,
high_dim_scaling,600,500,3,10,2.0,3.0,3,PCA(50)+diag-GMM,ok,,0.98997916755783,0.9808861032850349,0.12904248900008497,3,50.0,,
high_dim_scaling,600,500,3,10,2.0,3.0,4,DIVI-Info,ok,,0.9849878166277639,0.9734300455833589,8.080930794000096,3,49.0,0.3389830508474576,1.0
high_dim_scaling,600,500,3,10,2.0,3.0,4,K-means,ok,,0.5990805151254033,0.5839371230311312,0.1830611749999207,3,,,
high_dim_scaling,600,500,3,10,2.0,3.0,4,diag-GMM,ok,,0.9900166666666667,0.9808976795715441,0.37654588800000965,3,,,
high_dim_scaling,600,500,3,10,2.0,3.0,4,PCA(50)+K-means,ok,,0.7902630895544179,0.738328559672067,0.09727604699992298,3,50.0,,
high_dim_scaling,600,500,3,10,2.0,3.0,4,PCA(50)+diag-GMM,ok,,0.9800584170854272,0.9618029826192818,0.12290545199994085,3,50.0,,
high_dim_scaling,600,500,3,10,2.0,3.0,5,DIVI-Info,ok,,1.0,1.0,6.982382758000085,3,29.0,0.5128205128205128,1.0
high_dim_scaling,600,500,3,10,2.0,3.0,5,K-means,ok,,0.528390417067492,0.5335037870177025,0.1838224050000008,3,,,
high_dim_scaling,600,500,3,10,2.0,3.0,5,diag-GMM,ok,,0.9850379826540705,0.9734452146288187,0.8814432399999532,3,,,
high_dim_scaling,600,500,3,10,2.0,3.0,5,PCA(50)+K-means,ok,,0.7438212784671222,0.7017748524031902,0.16264888700015945,3,50.0,,
high_dim_scaling,600,500,3,10,2.0,3.0,5,PCA(50)+diag-GMM,ok,,1.0,1.0,0.16421996600001876,3,50.0,,
high_dim_scaling,600,500,3,10,2.0,3.0,6,DIVI-Info,ok,,0.9949958125176231,0.990445010867515,7.562985885999979,3,51.0,0.32786885245901637,1.0
high_dim_scaling,600,500,3,10,2.0,3.0,6,K-means,ok,,0.6119138667559604,0.5788581852012099,0.19072284399999262,3,,,
high_dim_scaling,600,500,3,10,2.0,3.0,6,diag-GMM,ok,,0.9850377307840942,0.9734455812074277,0.6432087450000381,3,,,
high_dim_scaling,600,500,3,10,2.0,3.0,6,PCA(50)+K-means,ok,,0.7242511519857538,0.6909876791401204,0.08193619700000454,3,50.0,,
high_dim_scaling,600,500,3,10,2.0,3.0,6,PCA(50)+diag-GMM,ok,,0.980096629062875,0.9667907781859975,0.10630175899996175,3,50.0,,
high_dim_scaling,600,500,3,10,2.0,3.0,7,DIVI-Info,ok,,0.9949958125176231,0.990445010867515,7.448444080999934,3,46.0,0.35714285714285715,1.0
high_dim_scaling,600,500,3,10,2.0,3.0,7,K-means,ok,,0.5414473762021547,0.5233529252269574,0.2499405089999982,3,,,
high_dim_scaling,600,500,3,10,2.0,3.0,7,diag-GMM,ok,,0.9850125211993978,0.9713426179898101,0.5231112659998871,3,,,
high_dim_scaling,600,500,3,10,2.0,3.0,7,PCA(50)+K-means,ok,,0.6931940358367261,0.659361303135046,0.1289114989999689,3,50.0,,
high_dim_scaling,600,500,3,10,2.0,3.0,7,PCA(50)+diag-GMM,ok,,0.9850125211993978,0.9713426179898101,0.22284497999999076,3,50.0,,
high_dim_scaling,600,500,3,10,2.0,3.0,8,DIVI-Info,ok,,0.9949958125176231,0.990445010867515,7.314161985000055,3,60.0,0.2857142857142857,1.0
high_dim_scaling,600,500,3,10,2.0,3.0,8,K-means,ok,,0.4830033115428331,0.5303609469355662,0.16437837500006935,3,,,
high_dim_scaling,600,500,3,10,2.0,3.0,8,diag-GMM,ok,,1.0,1.0,0.44762718900005893,3,,,
high_dim_scaling,600,500,3,10,2.0,3.0,8,PCA(50)+K-means,ok,,0.8061160125277645,0.7664952706479596,0.07988094100005583,3,50.0,,
high_dim_scaling,600,500,3,10,2.0,3.0,8,PCA(50)+diag-GMM,ok,,0.9604686721772941,0.9341742898626085,0.1202459120002004,3,50.0,,
high_dim_scaling,600,500,3,10,2.0,3.0,9,DIVI-Info,ok,,1.0,1.0,7.597415501999876,3,37.0,0.425531914893617,1.0
high_dim_scaling,600,500,3,10,2.0,3.0,9,K-means,ok,,0.5829100004960106,0.5646079551667769,0.2833322940000471,3,,,
high_dim_scaling,600,500,3,10,2.0,3.0,9,diag-GMM,ok,,0.9900168347249766,0.9829929733076637,0.45507954400000017,3,,,
high_dim_scaling,600,500,3,10,2.0,3.0,9,PCA(50)+K-means,ok,,0.7340431165841453,0.7024442507150472,0.14943082099989624,3,50.0,,
high_dim_scaling,600,500,3,10,2.0,3.0,9,PCA(50)+diag-GMM,ok,,0.4425004875462585,0.5195983288008051,0.2324941360000139,3,50.0,,
high_dim_scaling,600,500,3,10,2.0,3.0,10,DIVI-Info,ok,,0.9949958125176231,0.990445010867515,6.281717053999955,3,56.0,0.30303030303030304,1.0
high_dim_scaling,600,500,3,10,2.0,3.0,10,K-means,ok,,0.552876956041672,0.5463516204529457,0.177866141000095,3,,,
high_dim_scaling,600,500,3,10,2.0,3.0,10,diag-GMM,ok,,0.9900041668585104,0.9808938144286627,0.34609979399988333,3,,,
high_dim_scaling,600,500,3,10,2.0,3.0,10,PCA(50)+K-means,ok,,0.623791534990989,0.6077331623161605,0.09253961200010963,3,50.0,,
high_dim_scaling,600,500,3,10,2.0,3.0,10,PCA(50)+diag-GMM,ok,,0.9702005025125628,0.9469297694792819,0.1349914960001115,3,50.0,,
high_dim_scaling,600,1000,3,10,2.0,3.0,1,DIVI-Info,ok,,1.0,1.0,14.684017462000156,3,87.0,0.20618556701030927,1.0
high_dim_scaling,600,1000,3,10,2.0,3.0,1,K-means,ok,,0.3762077479560446,0.4205400121932845,0.37153925500001606,3,,,
high_dim_scaling,600,1000,3,10,2.0,3.0,1,diag-GMM,ok,,0.45648631661810724,0.49453990758825184,0.55201463100002,3,,,
high_dim_scaling,600,1000,3,10,2.0,3.0,1,PCA(50)+K-means,ok,,0.4179244283694024,0.43772126599677796,0.1284855790001984,3,50.0,,
high_dim_scaling,600,1000,3,10,2.0,3.0,1,PCA(50)+diag-GMM,ok,,0.9064171594600544,0.8739188566186085,0.2165923179998117,3,50.0,,
high_dim_scaling,600,1000,3,10,2.0,3.0,2,DIVI-Info,ok,,0.9949958125176231,0.990445010867515,14.212899933000017,3,79.0,0.2247191011235955,1.0
high_dim_scaling,600,1000,3,10,2.0,3.0,2,K-means,ok,,0.3350762991157998,0.38252428722392834,0.38712352700008523,3,,,
high_dim_scaling,600,1000,3,10,2.0,3.0,2,diag-GMM,ok,,0.48044031476541865,0.5333686170828237,0.449724728000092,3,,,
high_dim_scaling,600,1000,3,10,2.0,3.0,2,PCA(50)+K-means,ok,,0.4370599334506162,0.46923126750303995,0.12433662499984166,3,50.0,,
high_dim_scaling,600,1000,3,10,2.0,3.0,2,PCA(50)+diag-GMM,ok,,0.3971964879230023,0.46376761045314624,0.17349589600007675,3,50.0,,
high_dim_scaling,600,1000,3,10,2.0,3.0,3,DIVI-Info,ok,,0.9949958125176231,0.990445010867515,14.758085730999937,3,85.0,0.21052631578947367,1.0
high_dim_scaling,600,1000,3,10,2.0,3.0,3,K-means,ok,,0.39858734649053845,0.42724753033851975,0.41398740499994346,3,,,
high_dim_scaling,600,1000,3,10,2.0,3.0,3,diag-GMM,ok,,0.5343926315280855,0.5306867048658408,0.611479208999981,3,,,
high_dim_scaling,600,1000,3,10,2.0,3.0,3,PCA(50)+K-means,ok,,0.41838625956678427,0.4333269493381468,0.1210554190001858,3,50.0,,
high_dim_scaling,600,1000,3,10,2.0,3.0,3,PCA(50)+diag-GMM,ok,,0.4049062828356149,0.4499778640476669,0.2279254770000989,3,50.0,,
high_dim_scaling,600,1000,3,10,2.0,3.0,4,DIVI-Info,ok,,0.9949958125176231,0.990445010867515,15.009837048999998,3,78.0,0.22727272727272727,1.0
high_dim_scaling,600,1000,3,10,2.0,3.0,4,K-means,ok,,0.4096263093263079,0.42929816691152156,0.36457861100006994,3,,,
high_dim_scaling,600,1000,3,10,2.0,3.0,4,diag-GMM,ok,,0.44463027761797197,0.4957757626998923,0.5427095089999057,3,,,
high_dim_scaling,600,1000,3,10,2.0,3.0,4,PCA(50)+K-means,ok,,0.5109832763814162,0.5144269375270668,0.13950528700001996,3,50.0,,
high_dim_scaling,600,1000,3,10,2.0,3.0,4,PCA(50)+diag-GMM,ok,,0.4441688764522732,0.49618671062706743,0.30125642199982394,3,50.0,,
high_dim_scaling,600,1000,3,10,2.0,3.0,5,DIVI-Info,ok,,1.0,1.0,13.657280460000038,3,80.0,0.2222222222222222,1.0
high_dim_scaling,600,1000,3,10,2.0,3.0,5,K-means,ok,,0.38342457946808617,0.42946118089108054,0.30993880400001217,3,,,
high_dim_scaling,600,1000,3,10,2.0,3.0,5,diag-GMM,ok,,0.4540460388460826,0.5155201577431291,0.4291620530000273,3,,,
high_dim_scaling,600,1000,3,10,2.0,3.0,5,PCA(50)+K-means,ok,,0.40062895010892724,0.44449947925688943,0.12912906699989435,3,50.0,,
high_dim_scaling,600,1000,3,10,2.0,3.0,5,PCA(50)+diag-GMM,ok,,0.436610733431879,0.4826784436350567,0.1796507090000432,3,50.0,,
high_dim_scaling,600,1000,3,10,2.0,3.0,6,DIVI-Info,ok,,0.9949958125176231,0.990445010867515,14.848738013000002,3,101.0,0.18018018018018017,1.0
high_dim_scaling,600,1000,3,10,2.0,3.0,6,K-means,ok,,0.431933084680414,0.4626884844490512,0.29554206599982535,3,,,
high_dim_scaling,600,1000,3,10,2.0,3.0,6,diag-GMM,ok,,0.5395917647696864,0.6268454065459987,0.7497580940000717,3,,,
high_dim_scaling,600,1000,3,10,2.0,3.0,6,PCA(50)+K-means,ok,,0.4247784689291641,0.46199404790113463,0.20020585600013874,3,50.0,,
high_dim_scaling,600,1000,3,10,2.0,3.0,6,PCA(50)+diag-GMM,ok,,0.7227833786476582,0.7673161843200311,0.33521100699999806,3,50.0,,
high_dim_scaling,600,1000,3,10,2.0,3.0,7,DIVI-Info,ok,,0.9949958125176231,0.990445010867515,13.115897482000037,3,68.0,0.2564102564102564,1.0
high_dim_scaling,600,1000,3,10,2.0,3.0,7,K-means,ok,,0.4295751287963997,0.46502297757577715,0.37889166100012517,3,,,
high_dim_scaling,600,1000,3,10,2.0,3.0,7,diag-GMM,ok,,0.5007131515696168,0.5453971973896751,0.5022419770000397,3,,,
high_dim_scaling,600,1000,3,10,2.0,3.0,7,PCA(50)+K-means,ok,,0.43333722374799966,0.4751766738084223,0.12448388100006014,3,50.0,,
high_dim_scaling,600,1000,3,10,2.0,3.0,7,PCA(50)+diag-GMM,ok,,0.4301025462034201,0.4902828920967191,0.19387950600003023,3,50.0,,
high_dim_scaling,600,1000,3,10,2.0,3.0,8,DIVI-Info,ok,,0.9949958125176231,0.990445010867515,13.668556535999869,3,98.0,0.18518518518518517,1.0
high_dim_scaling,600,1000,3,10,2.0,3.0,8,K-means,ok,,0.3443840212730431,0.3900037223505726,0.3824037510000835,3,,,
high_dim_scaling,600,1000,3,10,2.0,3.0,8,diag-GMM,ok,,0.729780898050959,0.6952701714424087,0.649928060000093,3,,,
high_dim_scaling,600,1000,3,10,2.0,3.0,8,PCA(50)+K-means,ok,,0.3845999285868722,0.43268558570406873,0.12504238600013196,3,50.0,,
high_dim_scaling,600,1000,3,10,2.0,3.0,8,PCA(50)+diag-GMM,ok,,0.4472502842158348,0.5030772196731382,0.2388189959999636,3,50.0,,
high_dim_scaling,600,1000,3,10,2.0,3.0,9,DIVI-Info,ok,,0.9850377307840942,0.9734455812074277,12.929463326000132,3,69.0,0.25316455696202533,1.0
high_dim_scaling,600,1000,3,10,2.0,3.0,9,K-means,ok,,0.4169178549147067,0.4507387099970205,0.31771718599998167,3,,,
high_dim_scaling,600,1000,3,10,2.0,3.0,9,diag-GMM,ok,,0.5548254587322621,0.5955626725818519,0.5797925140000189,3,,,
high_dim_scaling,600,1000,3,10,2.0,3.0,9,PCA(50)+K-means,ok,,0.5273214733246702,0.5254904010723168,0.1234352740000304,3,50.0,,
high_dim_scaling,600,1000,3,10,2.0,3.0,9,PCA(50)+diag-GMM,ok,,0.9312115733701588,0.8948564466165667,0.17452447999994547,3,50.0,,
high_dim_scaling,600,1000,3,10,2.0,3.0,10,DIVI-Info,ok,,0.9949958125176231,0.990445010867515,14.965241694000042,3,81.0,0.21978021978021978,1.0
high_dim_scaling,600,1000,3,10,2.0,3.0,10,K-means,ok,,0.35513262467276996,0.3916059710521041,0.38510055400001875,3,,,
high_dim_scaling,600,1000,3,10,2.0,3.0,10,diag-GMM,ok,,0.4842226241869617,0.5489520604881961,0.625919131000046,3,,,
high_dim_scaling,600,1000,3,10,2.0,3.0,10,PCA(50)+K-means,ok,,0.45813746325190113,0.4838910799349466,0.12259027300001435,3,50.0,,
high_dim_scaling,600,1000,3,10,2.0,3.0,10,PCA(50)+diag-GMM,ok,,0.3071728818011341,0.38227409776034244,0.17419300100004875,3,50.0,,
high_dim_scaling,600,2000,3,10,2.0,3.0,1,DIVI-Info,ok,,0.43977473981652837,0.629335128179544,29.195314762999942,3,194.0,0.09803921568627451,1.0
high_dim_scaling,600,2000,3,10,2.0,3.0,1,K-means,ok,,0.12880855739235192,0.13799444491227164,0.3833944059999794,3,,,
high_dim_scaling,600,2000,3,10,2.0,3.0,1,diag-GMM,ok,,0.018804197329634325,0.02664759510208949,0.48870667799997136,3,,,
high_dim_scaling,600,2000,3,10,2.0,3.0,1,PCA(50)+K-means,ok,,0.3842437903263929,0.4127892954989662,0.20011735799994312,3,50.0,,
high_dim_scaling,600,2000,3,10,2.0,3.0,1,PCA(50)+diag-GMM,ok,,0.41961594180201683,0.45288765221962585,0.259608235000087,3,50.0,,
high_dim_scaling,600,2000,3,10,2.0,3.0,2,DIVI-Info,ok,,0.8587988670668274,0.8422975277639748,24.635655025999995,3,259.0,0.07434944237918216,1.0
high_dim_scaling,600,2000,3,10,2.0,3.0,2,K-means,ok,,0.266493254740099,0.2568111519177109,0.3860678139999436,3,,,
high_dim_scaling,600,2000,3,10,2.0,3.0,2,diag-GMM,ok,,0.014375357284386733,0.02119640492682197,0.3968824260000474,3,,,
high_dim_scaling,600,2000,3,10,2.0,3.0,2,PCA(50)+K-means,ok,,0.41669924282515713,0.44677404028691015,0.19883298600007038,3,50.0,,
high_dim_scaling,600,2000,3,10,2.0,3.0,2,PCA(50)+diag-GMM,ok,,0.4249454986359551,0.4453743718960181,0.2507280939998964,3,50.0,,
high_dim_scaling,600,2000,3,10,2.0,3.0,3,DIVI-Info,ok,,0.37062422315410215,0.4619195423878537,22.66929569900003,3,349.0,0.055710306406685235,1.0
high_dim_scaling,600,2000,3,10,2.0,3.0,3,K-means,ok,,0.02344733027349888,0.035328231674904204,0.567621132000113,3,,,
high_dim_scaling,600,2000,3,10,2.0,3.0,3,diag-GMM,ok,,0.037957818860931296,0.03558310369568155,0.48262540299992907,3,,,
high_dim_scaling,600,2000,3,10,2.0,3.0,3,PCA(50)+K-means,ok,,0.37296462636559186,0.3966034863227253,0.3142631390001043,3,50.0,,
high_dim_scaling,600,2000,3,10,2.0,3.0,3,PCA(50)+diag-GMM,ok,,0.40303964803125075,0.41200775447364496,0.3907489959999566,3,50.0,,
high_dim_scaling,600,2000,3,10,2.0,3.0,4,DIVI-Info,ok,,0.4191360887350771,0.5664405413831768,26.519645625000067,3,747.0,0.026420079260237782,1.0
high_dim_scaling,600,2000,3,10,2.0,3.0,4,K-means,ok,,0.3454789002986988,0.3447020304882505,0.7052696770001603,3,,,
high_dim_scaling,600,2000,3,10,2.0,3.0,4,diag-GMM,ok,,0.4100160379504317,0.434220403618876,0.9688574909998806,3,,,
high_dim_scaling,600,2000,3,10,2.0,3.0,4,PCA(50)+K-means,ok,,0.4206308881729547,0.45674235833747207,0.3256249020000723,3,50.0,,
high_dim_scaling,600,2000,3,10,2.0,3.0,4,PCA(50)+diag-GMM,ok,,0.43388687983205954,0.4716655964415682,0.45338223900012053,3,50.0,,
high_dim_scaling,600,2000,3,10,2.0,3.0,5,DIVI-Info,ok,,0.4366640334961843,0.6207765721103349,27.553296187000115,3,228.0,0.08403361344537816,1.0
high_dim_scaling,600,2000,3,10,2.0,3.0,5,K-means,ok,,0.05424247186674549,0.054859476829075215,0.4632288200000403,3,,,
high_dim_scaling,600,2000,3,10,2.0,3.0,5,diag-GMM,ok,,0.06754815537116281,0.06599247432374246,0.6509608670000944,3,,,
high_dim_scaling,600,2000,3,10,2.0,3.0,5,PCA(50)+K-means,ok,,0.37753254481669674,0.4185523231323082,0.33911111699990215,3,50.0,,
high_dim_scaling,600,2000,3,10,2.0,3.0,5,PCA(50)+diag-GMM,ok,,0.45801739977653255,0.49096673933052415,0.41751755099994625,3,50.0,,
high_dim_scaling,600,2000,3,10,2.0,3.0,6,DIVI-Info,ok,,0.42870026026867497,0.5919333850402492,27.766920360999848,3,706.0,0.027932960893854747,1.0
high_dim_scaling,600,2000,3,10,2.0,3.0,6,K-means,ok,,0.08696458968838698,0.07469453678488357,0.36740185500002553,3,,,
high_dim_scaling,600,2000,3,10,2.0,3.0,6,diag-GMM,ok,,0.046694817166620155,0.057677788491135744,0.5627306560002125,3,,,
high_dim_scaling,600,2000,3,10,2.0,3.0,6,PCA(50)+K-means,ok,,0.3866479620109903,0.41683000030840417,0.31688334900013615,3,50.0,,
high_dim_scaling,600,2000,3,10,2.0,3.0,6,PCA(50)+diag-GMM,ok,,0.47293916969052024,0.5067081162435717,0.42854445400007535,3,50.0,,
high_dim_scaling,600,2000,3,10,2.0,3.0,7,DIVI-Info,ok,,0.3888064978657835,0.49543669248106,25.353420302999893,3,485.0,0.04040404040404041,1.0
high_dim_scaling,600,2000,3,10,2.0,3.0,7,K-means,ok,,0.35271789708870827,0.35190699047484714,0.4246051200000238,3,,,
high_dim_scaling,600,2000,3,10,2.0,3.0,7,diag-GMM,ok,,0.07640336040220164,0.07993356927149314,0.5238428589998421,3,,,
high_dim_scaling,600,2000,3,10,2.0,3.0,7,PCA(50)+K-means,ok,,0.36834959987695504,0.40475358609002793,0.1970154769999226,3,50.0,,
high_dim_scaling,600,2000,3,10,2.0,3.0,7,PCA(50)+diag-GMM,ok,,0.4120050519003861,0.42998482730001353,0.27160877599999367,3,50.0,,
high_dim_scaling,600,2000,3,10,2.0,3.0,8,DIVI-Info,ok,,0.4261326706530814,0.5827023971283087,23.39646086699986,3,838.0,0.02358490566037736,0.7
high_dim_scaling,600,2000,3,10,2.0,3.0,8,K-means,ok,,0.09187824688238201,0.09486928290969392,0.49405002899993633,3,,,
high_dim_scaling,600,2000,3,10,2.0,3.0,8,diag-GMM,ok,,0.04259224359889302,0.03960448363843661,0.4391308189999563,3,,,
high_dim_scaling,600,2000,3,10,2.0,3.0,8,PCA(50)+K-means,ok,,0.37852246435846865,0.4152283499076155,0.20766721200016036,3,50.0,,
high_dim_scaling,600,2000,3,10,2.0,3.0,8,PCA(50)+diag-GMM,ok,,0.49437796196966793,0.5843955851650929,0.25892758000009053,3,50.0,,
high_dim_scaling,600,2000,3,10,2.0,3.0,9,DIVI-Info,ok,,0.41637588233449396,0.5548961969550512,26.035572154999954,3,721.0,0.027359781121751026,1.0
high_dim_scaling,600,2000,3,10,2.0,3.0,9,K-means,ok,,0.23442588260225317,0.21496004487216355,0.7501607739998235,3,,,
high_dim_scaling,600,2000,3,10,2.0,3.0,9,diag-GMM,ok,,0.10182399041992228,0.09186473210424971,0.8161313630000677,3,,,
high_dim_scaling,600,2000,3,10,2.0,3.0,9,PCA(50)+K-means,ok,,0.352382077519314,0.3774438489694845,0.320858305999991,3,50.0,,
high_dim_scaling,600,2000,3,10,2.0,3.0,9,PCA(50)+diag-GMM,ok,,0.4012250571480962,0.45622672206438697,0.4420603060000303,3,50.0,,
high_dim_scaling,600,2000,3,10,2.0,3.0,10,DIVI-Info,ok,,0.41905234425080135,0.5639125992377173,23.04410310100002,3,921.0,0.021482277121374866,0.6
high_dim_scaling,600,2000,3,10,2.0,3.0,10,K-means,ok,,0.08097663817200197,0.06934836536640965,0.38982037100004163,3,,,
high_dim_scaling,600,2000,3,10,2.0,3.0,10,diag-GMM,ok,,0.003898475702975059,0.01594459817047355,0.32848125100008474,3,,,
high_dim_scaling,600,2000,3,10,2.0,3.0,10,PCA(50)+K-means,ok,,0.39436347994139137,0.4318462666990754,0.19357724599990433,3,50.0,,
high_dim_scaling,600,2000,3,10,2.0,3.0,10,PCA(50)+diag-GMM,ok,,0.3073228345524442,0.3932709134523262,0.27296344900014446,3,50.0,,
weak_signal,200,500,3,10,1.0,3.0,1,DIVI-Info,ok,,0.07436257890323617,0.084135137627264,2.2380700620001335,3,292.0,0.06622516556291391,0.8
weak_signal,200,500,3,10,1.0,3.0,1,K-means,ok,,0.09312222192855277,0.10991902441996797,0.07144685299999765,3,,,
weak_signal,200,500,3,10,1.0,3.0,1,diag-GMM,ok,,0.03826649300857915,0.049756307992312156,0.08083017700005257,3,,,
weak_signal,200,500,3,10,1.0,3.0,1,PCA(50)+K-means,ok,,0.06958359397926683,0.08723205758269532,0.08472595099988212,3,50.0,,
weak_signal,200,500,3,10,1.0,3.0,1,PCA(50)+diag-GMM,ok,,0.003349991663159933,0.014578314305931164,0.1474023529999613,3,50.0,,
weak_signal,200,500,3,10,1.0,3.0,2,DIVI-Info,ok,,0.37495702115830715,0.4408815351440699,2.625305669999989,3,204.0,0.09345794392523364,1.0
weak_signal,200,500,3,10,1.0,3.0,2,K-means,ok,,0.22156420174304836,0.19889890091600246,0.06933484699993642,3,,,
weak_signal,200,500,3,10,1.0,3.0,2,diag-GMM,ok,,0.16208991554418942,0.15159106984887785,0.08590568399995391,3,,,
weak_signal,200,500,3,10,1.0,3.0,2,PCA(50)+K-means,ok,,0.19259479719141073,0.16941772685195025,0.08179554899993491,3,50.0,,
weak_signal,200,500,3,10,1.0,3.0,2,PCA(50)+diag-GMM,ok,,0.017859852844499945,0.06823528703789665,0.15342853900006048,3,50.0,,
weak_signal,200,500,3,10,1.0,3.0,3,DIVI-Info,ok,,-0.0006510169978014939,0.0066896486474694004,2.2861751519999416,3,241.0,0.0796812749003984,0.8
weak_signal,200,500,3,10,1.0,3.0,3,K-means,ok,,0.018687648301980015,0.02576078685600402,0.04379982399996152,3,,,
weak_signal,200,500,3,10,1.0,3.0,3,diag-GMM,ok,,0.005541049221094971,0.017434009833849445,0.05864449599994259,3,,,
weak_signal,200,500,3,10,1.0,3.0,3,PCA(50)+K-means,ok,,0.051676232537343395,0.05610549204720163,0.04935650299989902,3,50.0,,
weak_signal,200,500,3,10,1.0,3.0,3,PCA(50)+diag-GMM,ok,,0.002386735881291677,0.011319663154682472,0.09688697100000354,3,50.0,,
weak_signal,200,500,3,10,1.0,3.0,4,DIVI-Info,ok,,0.2986658118838198,0.3238682778542719,2.0350500879999345,3,323.0,0.06006006006006006,0.0
weak_signal,200,500,3,10,1.0,3.0,4,K-means,ok,,0.10555445530945412,0.12149806499847174,0.04769522500009771,3,,,
weak_signal,200,500,3,10,1.0,3.0,4,diag-GMM,ok,,0.0018328581231367455,0.010327953084841036,0.05812034299992774,3,,,
weak_signal,200,500,3,10,1.0,3.0,4,PCA(50)+K-means,ok,,0.14347897285192038,0.18607281643411616,0.05132815399997526,3,50.0,,
weak_signal,200,500,3,10,1.0,3.0,4,PCA(50)+diag-GMM,ok,,-0.00686622484850097,0.0029194723668753446,0.0973507389999213,3,50.0,,
weak_signal,200,500,3,10,1.0,3.0,5,DIVI-Info,ok,,0.35245964804627744,0.41721180392259893,2.002781163999998,3,186.0,0.10204081632653061,1.0
weak_signal,200,500,3,10,1.0,3.0,5,K-means,ok,,0.13437372729844851,0.11644155514409642,0.04661350599985781,3,,,
weak_signal,200,500,3,10,1.0,3.0,5,diag-GMM,ok,,0.07947832597748337,0.07765641860495032,0.06594189300017206,3,,,
weak_signal,200,500,3,10,1.0,3.0,5,PCA(50)+K-means,ok,,0.1261290368658448,0.1371621056038746,0.05175668600008976,3,50.0,,
weak_signal,200,500,3,10,1.0,3.0,5,PCA(50)+diag-GMM,ok,,0.013904608089086818,0.03906213327350095,0.10661417500000425,3,50.0,,
weak_signal,200,500,3,10,1.0,3.0,6,DIVI-Info,ok,,0.3405658896016291,0.399430904181357,2.0181248549999964,3,216.0,0.08849557522123894,0.9
weak_signal,200,500,3,10,1.0,3.0,6,K-means,ok,,0.1295727478341435,0.1304978463433788,0.04712157200015099,3,,,
weak_signal,200,500,3,10,1.0,3.0,6,diag-GMM,ok,,0.008214970352106611,0.05831225295492365,0.04407079299994621,3,,,
weak_signal,200,500,3,10,1.0,3.0,6,PCA(50)+K-means,ok,,0.26387866772692115,0.2831780106620449,0.05230461099995409,3,50.0,,
weak_signal,200,500,3,10,1.0,3.0,6,PCA(50)+diag-GMM,ok,,0.015428852074417519,0.05472425752339171,0.09788857299986375,3,50.0,,
weak_signal,200,500,3,10,1.0,3.0,7,DIVI-Info,ok,,0.35901170444347597,0.43805851536731555,2.23782372200003,3,226.0,0.0847457627118644,0.8
weak_signal,200,500,3,10,1.0,3.0,7,K-means,ok,,0.06269691187744209,0.07935540171425563,0.07061034200000904,3,,,
weak_signal,200,500,3,10,1.0,3.0,7,diag-GMM,ok,,0.002686236119035174,0.00898808042912779,0.08210126500011938,3,,,
weak_signal,200,500,3,10,1.0,3.0,7,PCA(50)+K-means,ok,,0.20626413071657818,0.20806775303482766,0.09122383499993703,3,50.0,,
weak_signal,200,500,3,10,1.0,3.0,7,PCA(50)+diag-GMM,ok,,-0.0009185692487025926,0.00878014494480892,0.15405369100017197,3,50.0,,
weak_signal,200,500,3,10,1.0,3.0,8,DIVI-Info,ok,,0.34990061956046176,0.41630410302119,2.6455759589998706,3,271.0,0.0711743772241993,0.2
weak_signal,200,500,3,10,1.0,3.0,8,K-means,ok,,0.18859814976505632,0.21351427701184644,0.07027489600000081,3,,,
weak_signal,200,500,3,10,1.0,3.0,8,diag-GMM,ok,,0.1773820687244584,0.19473661680153295,0.07844924799996988,3,,,
weak_signal,200,500,3,10,1.0,3.0,8,PCA(50)+K-means,ok,,0.1276297956761794,0.15719230826877714,0.08022972000003392,3,50.0,,
weak_signal,200,500,3,10,1.0,3.0,8,PCA(50)+diag-GMM,ok,,0.006251116106358263,0.014680853423963315,0.19038209399991501,3,50.0,,
weak_signal,200,500,3,10,1.0,3.0,9,DIVI-Info,ok,,0.32780432716050995,0.3465277605469799,2.263405912000053,3,280.0,0.06896551724137931,0.6
weak_signal,200,500,3,10,1.0,3.0,9,K-means,ok,,0.04375944642390619,0.058363361600222895,0.04133187399997951,3,,,
weak_signal,200,500,3,10,1.0,3.0,9,diag-GMM,ok,,-4.197542931208074e-06,0.01143522841887581,0.053738771999860546,3,,,
weak_signal,200,500,3,10,1.0,3.0,9,PCA(50)+K-means,ok,,0.1561888715088476,0.14960682636284792,0.049451003999820387,3,50.0,,
weak_signal,200,500,3,10,1.0,3.0,9,PCA(50)+diag-GMM,ok,,0.015436047059558951,0.02206495456990002,0.08797739099986757,3,50.0,,
weak_signal,200,500,3,10,1.0,3.0,10,DIVI-Info,ok,,0.38726433815964983,0.4232524105758919,2.0130931630001214,3,231.0,0.08298755186721991,0.9
weak_signal,200,500,3,10,1.0,3.0,10,K-means,ok,,0.245740823446519,0.24364328847469352,0.04686463799998819,3,,,
weak_signal,200,500,3,10,1.0,3.0,10,diag-GMM,ok,,0.030500798790540948,0.036855734646060144,0.05140519500014307,3,,,
weak_signal,200,500,3,10,1.0,3.0,10,PCA(50)+K-means,ok,,0.18198823198616962,0.21609006504256922,0.05055072100003599,3,50.0,,
weak_signal,200,500,3,10,1.0,3.0,10,PCA(50)+diag-GMM,ok,,0.0003209802441814926,0.010697433441741224,0.09313203200008502,3,50.0,,
weak_signal,200,500,3,10,1.5,3.0,1,DIVI-Info,ok,,0.38464144135096145,0.4434635566501659,1.9971968340000785,3,170.0,0.1111111111111111,1.0
weak_signal,200,500,3,10,1.5,3.0,1,K-means,ok,,0.19304381859129965,0.21151632306499582,0.054012205999924845,3,,,
weak_signal,200,500,3,10,1.5,3.0,1,diag-GMM,ok,,0.11061643706539213,0.1323510174319356,0.05569288699985009,3,,,
weak_signal,200,500,3,10,1.5,3.0,1,PCA(50)+K-means,ok,,0.30551083221043335,0.34498645784104565,0.05395229400005519,3,50.0,,
weak_signal,200,500,3,10,1.5,3.0,1,PCA(50)+diag-GMM,ok,,-0.0026729441615849178,0.009582415978041105,0.10418800499996905,3,50.0,,
weak_signal,200,500,3,10,1.5,3.0,2,DIVI-Info,ok,,0.7707161898432566,0.7631379847994927,2.0615704000001642,3,123.0,0.15037593984962405,1.0
weak_signal,200,500,3,10,1.5,3.0,2,K-means,ok,,0.34861469238882425,0.348550780856718,0.052669413000103305,3,,,
weak_signal,200,500,3,10,1.5,3.0,2,diag-GMM,ok,,0.3883828220847598,0.40785494712197645,0.058933341000056316,3,,,
weak_signal,200,500,3,10,1.5,3.0,2,PCA(50)+K-means,ok,,0.32494187005012237,0.32932623736826894,0.05311690500002442,3,50.0,,
weak_signal,200,500,3,10,1.5,3.0,2,PCA(50)+diag-GMM,ok,,0.03499629491388219,0.06599414110813155,0.11091086699980224,3,50.0,,
weak_signal,200,500,3,10,1.5,3.0,3,DIVI-Info,ok,,0.36664064877164665,0.4395068309411615,2.262465694999946,3,106.0,0.1724137931034483,1.0
weak_signal,200,500,3,10,1.5,3.0,3,K-means,ok,,0.30506168218593455,0.2833855111115772,0.07648839200010116,3,,,
weak_signal,200,500,3,10,1.5,3.0,3,diag-GMM,ok,,0.38884029825080735,0.40247888268841125,0.11377429000003758,3,,,
weak_signal,200,500,3,10,1.5,3.0,3,PCA(50)+K-means,ok,,0.2897247756720907,0.2991912837586411,0.08231915699980163,3,50.0,,
weak_signal,200,500,3,10,1.5,3.0,3,PCA(50)+diag-GMM,ok,,0.0021973165050662388,0.029010047648817285,0.11660163300007298,3,50.0,,
weak_signal,200,500,3,10,1.5,3.0,4,DIVI-Info,ok,,0.3657471715917645,0.44038620343071627,2.6984122609999304,3,227.0,0.08438818565400844,1.0
weak_signal,200,500,3,10,1.5,3.0,4,K-means,ok,,0.2370491283566646,0.24166042234932025,0.09032191899996178,3,,,
weak_signal,200,500,3,10,1.5,3.0,4,diag-GMM,ok,,0.24211584185793672,0.24334507595820648,0.0861385660000451,3,,,
weak_signal,200,500,3,10,1.5,3.0,4,PCA(50)+K-means,ok,,0.3478606626129801,0.3578351224624345,0.08293514199999663,3,50.0,,
weak_signal,200,500,3,10,1.5,3.0,4,PCA(50)+diag-GMM,ok,,0.2859532945795213,0.3104819926656162,0.14732170899992525,3,50.0,,
weak_signal,200,500,3,10,1.5,3.0,5,DIVI-Info,ok,,0.3817718554283122,0.48690731631470674,2.2490941609999027,3,142.0,0.13157894736842105,1.0
weak_signal,200,500,3,10,1.5,3.0,5,K-means,ok,,0.2935659392323242,0.30157893874292563,0.05539852600008999,3,,,
weak_signal,200,500,3,10,1.5,3.0,5,diag-GMM,ok,,0.39991470534744356,0.4354769007153508,0.07256442100015192,3,,,
weak_signal,200,500,3,10,1.5,3.0,5,PCA(50)+K-means,ok,,0.36615594795030526,0.40176788789154627,0.056389596999906644,3,50.0,,
weak_signal,200,500,3,10,1.5,3.0,5,PCA(50)+diag-GMM,ok,,0.02872138127534384,0.045509909002494874,0.0766351190000023,3,50.0,,
weak_signal,200,500,3,10,1.5,3.0,6,DIVI-Info,ok,,0.4634041696120566,0.5247134141406912,2.0228840470001614,3,138.0,0.13513513513513514,1.0
weak_signal,200,500,3,10,1.5,3.0,6,K-means,ok,,0.3100241332733985,0.3480366581945042,0.058124596999959977,3,,,
weak_signal,200,500,3,10,1.5,3.0,6,diag-GMM,ok,,0.34824621227082103,0.37187118381393713,0.06747201799998948,3,,,
weak_signal,200,500,3,10,1.5,3.0,6,PCA(50)+K-means,ok,,0.340917033759168,0.39047656966772754,0.05546452599992335,3,50.0,,
weak_signal,200,500,3,10,1.5,3.0,6,PCA(50)+diag-GMM,ok,,-0.0032333566319089958,0.005850614622643421,0.09539860500012765,3,50.0,,
weak_signal,200,500,3,10,1.5,3.0,7,DIVI-Info,ok,,0.8447463622100733,0.8222658269343585,2.0643654030000107,3,131.0,0.14184397163120568,1.0
weak_signal,200,500,3,10,1.5,3.0,7,K-means,ok,,0.3006186913761662,0.3370541095517956,0.0512132539997765,3,,,
weak_signal,200,500,3,10,1.5,3.0,7,diag-GMM,ok,,0.08643701240052856,0.13549143428987326,0.06357562599987432,3,,,
weak_signal,200,500,3,10,1.5,3.0,7,PCA(50)+K-means,ok,,0.36776790114070473,0.390870734429306,0.05921638500012705,3,50.0,,
weak_signal,200,500,3,10,1.5,3.0,7,PCA(50)+diag-GMM,ok,,0.021178203106243625,0.028760290697672167,0.07805619299961108,3,50.0,,
weak_signal,200,500,3,10,1.5,3.0,8,DIVI-Info,ok,,0.3762327446391406,0.4785514401685438,2.0463018959999317,3,132.0,0.14084507042253522,1.0
weak_signal,200,500,3,10,1.5,3.0,8,K-means,ok,,0.33750910747019686,0.3753899675699471,0.05878576699979021,3,,,
weak_signal,200,500,3,10,1.5,3.0,8,diag-GMM,ok,,0.4061571726729359,0.4665536118152592,0.06755099299971334,3,,,
weak_signal,200,500,3,10,1.5,3.0,8,PCA(50)+K-means,ok,,0.3725521304762458,0.3938119062781175,0.05387191099998745,3,50.0,,
weak_signal,200,500,3,10,1.5,3.0,8,PCA(50)+diag-GMM,ok,,0.16829603029929438,0.23362336098410363,0.07319647299982535,3,50.0,,
weak_signal,200,500,3,10,1.5,3.0,9,DIVI-Info,ok,,0.7219432157076461,0.7020837191346543,2.340644992000307,3,126.0,0.14705882352941177,1.0
weak_signal,200,500,3,10,1.5,3.0,9,K-means,ok,,0.23970978617679514,0.2520020909223666,0.07131302200014034,3,,,
weak_signal,200,500,3,10,1.5,3.0,9,diag-GMM,ok,,0.13055648088201935,0.15843003443152232,0.07632730599971183,3,,,
weak_signal,200,500,3,10,1.5,3.0,9,PCA(50)+K-means,ok,,0.35919224948102113,0.414625495879696,0.11346460599997954,3,50.0,,
weak_signal,200,500,3,10,1.5,3.0,9,PCA(50)+diag-GMM,ok,,0.03461882558446461,0.128912261497221,0.1435337529997014,3,50.0,,
weak_signal,200,500,3,10,1.5,3.0,10,DIVI-Info,ok,,0.48213750430143604,0.5368063480534426,2.712922069000342,3,197.0,0.0966183574879227,1.0
weak_signal,200,500,3,10,1.5,3.0,10,K-means,ok,,0.21860343997973133,0.22242782590702476,0.08238910199997918,3,,,
weak_signal,200,500,3,10,1.5,3.0,10,diag-GMM,ok,,0.13056530411519718,0.1386178676377824,0.07472051500008092,3,,,
weak_signal,200,500,3,10,1.5,3.0,10,PCA(50)+K-means,ok,,0.3118414182806181,0.31608726044674046,0.08470882099982191,3,50.0,,
weak_signal,200,500,3,10,1.5,3.0,10,PCA(50)+diag-GMM,ok,,0.04215246984535004,0.12430044107546923,0.1982886799996777,3,50.0,,
weak_signal,200,500,3,10,2.0,3.0,1,DIVI-Info,ok,,0.9553449676193203,0.929136330508019,2.4973684290002893,3,107.0,0.17094017094017094,1.0
weak_signal,200,500,3,10,2.0,3.0,1,K-means,ok,,0.2207133350120589,0.25230626474528695,0.06894232300010117,3,,,
weak_signal,200,500,3,10,2.0,3.0,1,diag-GMM,ok,,0.36210126102420587,0.40514645188715626,0.10635813499993674,3,,,
weak_signal,200,500,3,10,2.0,3.0,1,PCA(50)+K-means,ok,,0.43352478025848873,0.46794211549964354,0.05542773599972861,3,50.0,,
weak_signal,200,500,3,10,2.0,3.0,1,PCA(50)+diag-GMM,ok,,0.0879004733479753,0.22328580793597597,0.12684980800031553,3,50.0,,
weak_signal,200,500,3,10,2.0,3.0,2,DIVI-Info,ok,,0.9851149892064401,0.9763780799682114,2.428463587999886,3,104.0,0.17543859649122806,1.0
weak_signal,200,500,3,10,2.0,3.0,2,K-means,ok,,0.4074996889971595,0.4400518895024222,0.06520544700015307,3,,,
weak_signal,200,500,3,10,2.0,3.0,2,diag-GMM,ok,,0.41704295031173166,0.45450954533146753,0.05702625999992961,3,,,
weak_signal,200,500,3,10,2.0,3.0,2,PCA(50)+K-means,ok,,0.42843214443150196,0.47691807086551896,0.05075597699988066,3,50.0,,
weak_signal,200,500,3,10,2.0,3.0,2,PCA(50)+diag-GMM,ok,,0.08921997407709514,0.15305772080891908,0.12055155200005174,3,50.0,,
weak_signal,200,500,3,10,2.0,3.0,3,DIVI-Info,ok,,1.0,1.0,2.471562148999965,3,96.0,0.18867924528301888,1.0
weak_signal,200,500,3,10,2.0,3.0,3,K-means,ok,,0.3467334291508666,0.37159814622178905,0.07481473200004984,3,,,
weak_signal,200,500,3,10,2.0,3.0,3,diag-GMM,ok,,0.4080234514348701,0.4354512530678943,0.06921701300007044,3,,,
weak_signal,200,500,3,10,2.0,3.0,3,PCA(50)+K-means,ok,,0.4229994419761403,0.4591529332451263,0.05390523999994912,3,50.0,,
weak_signal,200,500,3,10,2.0,3.0,3,PCA(50)+diag-GMM,ok,,0.14021971527212312,0.24958249440486122,0.10027871699958268,3,50.0,,
weak_signal,200,500,3,10,2.0,3.0,4,DIVI-Info,ok,,0.9848889043575839,0.9763090425173028,2.614076581000063,3,111.0,0.1652892561983471,1.0
weak_signal,200,500,3,10,2.0,3.0,4,K-means,ok,,0.398890204126701,0.45253126441548747,0.11316036799962603,3,,,
weak_signal,200,500,3,10,2.0,3.0,4,diag-GMM,ok,,0.4128720725824101,0.4635204349230466,0.11660714099980396,3,,,
weak_signal,200,500,3,10,2.0,3.0,4,PCA(50)+K-means,ok,,0.36963503758736194,0.4044750288299714,0.0988317440001083,3,50.0,,
weak_signal,200,500,3,10,2.0,3.0,4,PCA(50)+diag-GMM,ok,,0.3959483185506012,0.41396292216779895,0.14352044599991132,3,50.0,,
weak_signal,200,500,3,10,2.0,3.0,5,DIVI-Info,ok,,1.0,1.0,3.132624420999946,3,104.0,0.17543859649122806,1.0
weak_signal,200,500,3,10,2.0,3.0,5,K-means,ok,,0.3541910284858932,0.36407157661975914,0.08682710099992619,3,,,
weak_signal,200,500,3,10,2.0,3.0,5,diag-GMM,ok,,0.4067090995791263,0.45010824196532423,0.12828066400015814,3,,,
weak_signal,200,500,3,10,2.0,3.0,5,PCA(50)+K-means,ok,,0.45253173790110385,0.4941865446094877,0.09244310300027792,3,50.0,,
weak_signal,200,500,3,10,2.0,3.0,5,PCA(50)+diag-GMM,ok,,0.41836242318345207,0.4612537261350382,0.16190357499999664,3,50.0,,
weak_signal,200,500,3,10,2.0,3.0,6,DIVI-Info,ok,,1.0,1.0,2.3755145979998815,3,101.0,0.18018018018018017,1.0
weak_signal,200,500,3,10,2.0,3.0,6,K-means,ok,,0.3518534477309338,0.38352464110277174,0.06289412099977199,3,,,
weak_signal,200,500,3,10,2.0,3.0,6,diag-GMM,ok,,0.4246739975305472,0.48005789308604524,0.0574064110001018,3,,,
weak_signal,200,500,3,10,2.0,3.0,6,PCA(50)+K-means,ok,,0.4263450899078539,0.4812434696540968,0.06634878600016236,3,50.0,,
weak_signal,200,500,3,10,2.0,3.0,6,PCA(50)+diag-GMM,ok,,0.0963159622518169,0.21254226389788564,0.11562229299988758,3,50.0,,
weak_signal,200,500,3,10,2.0,3.0,7,DIVI-Info,ok,,1.0,1.0,2.4768891169997005,3,106.0,0.1724137931034483,1.0
weak_signal,200,500,3,10,2.0,3.0,7,K-means,ok,,0.3584842522638418,0.4372910083232623,0.06341156000007686,3,,,
weak_signal,200,500,3,10,2.0,3.0,7,diag-GMM,ok,,0.4262764388011364,0.4922775184055821,0.07040267100001074,3,,,
weak_signal,200,500,3,10,2.0,3.0,7,PCA(50)+K-means,ok,,0.43320301102797215,0.47743586834471347,0.05475976500019897,3,50.0,,
weak_signal,200,500,3,10,2.0,3.0,7,PCA(50)+diag-GMM,ok,,0.21284431490237965,0.34892018218589305,0.09320148599999811,3,50.0,,
weak_signal,200,500,3,10,2.0,3.0,8,DIVI-Info,ok,,1.0,1.0,2.3152623569999378,3,97.0,0.18691588785046728,1.0
weak_signal,200,500,3,10,2.0,3.0,8,K-means,ok,,0.31792184735778367,0.34759905166876287,0.057732133000172325,3,,,
weak_signal,200,500,3,10,2.0,3.0,8,diag-GMM,ok,,0.4401372799586807,0.5221725849938582,0.06908139100005428,3,,,
weak_signal,200,500,3,10,2.0,3.0,8,PCA(50)+K-means,ok,,0.38203929029684985,0.41422769608193344,0.05178187199999229,3,50.0,,
weak_signal,200,500,3,10,2.0,3.0,8,PCA(50)+diag-GMM,ok,,0.43477653591053367,0.4651177949206658,0.0805009880000398,3,50.0,,
weak_signal,200,500,3,10,2.0,3.0,9,DIVI-Info,ok,,1.0,1.0,2.576498847000039,3,101.0,0.18018018018018017,1.0
weak_signal,200,500,3,10,2.0,3.0,9,K-means,ok,,0.3555951341133263,0.4136230912942235,0.08052441500012719,3,,,
weak_signal,200,500,3,10,2.0,3.0,9,diag-GMM,ok,,0.3650045378225926,0.43777498770464024,0.0979145320002317,3,,,
weak_signal,200,500,3,10,2.0,3.0,9,PCA(50)+K-means,ok,,0.40060393918394027,0.4244334088056654,0.08675997899990762,3,50.0,,
weak_signal,200,500,3,10,2.0,3.0,9,PCA(50)+diag-GMM,ok,,0.3750215387473416,0.4224266218898028,0.13397735800026567,3,50.0,,
weak_signal,200,500,3,10,2.0,3.0,10,DIVI-Info,ok,,1.0,1.0,3.1679655420002746,3,102.0,0.17857142857142858,1.0
weak_signal,200,500,3,10,2.0,3.0,10,K-means,ok,,0.3246675169326447,0.35777046842869215,0.1030270019996351,3,,,
weak_signal,200,500,3,10,2.0,3.0,10,diag-GMM,ok,,0.34031071368817917,0.37431533490262364,0.07776636600010534,3,,,
weak_signal,200,500,3,10,2.0,3.0,10,PCA(50)+K-means,ok,,0.3772675607710873,0.436993636058357,0.08593445899987273,3,50.0,,
weak_signal,200,500,3,10,2.0,3.0,10,PCA(50)+diag-GMM,ok,,0.11237372544728824,0.23127266641778088,0.15953647299966178,3,50.0,,
