n,seed,d,d_info,k,delta,rough_ari,rough_nmi,prior_f1_thresh,prior_f1_top,prior_auroc,prior_auprc,prior_selected_dims,prior_signal_mean,prior_noise_mean,prior_signal_noise_gap,final_ari,final_nmi,final_f1_thresh,final_f1_top,final_auroc,final_auprc,final_selected_dims,final_signal_mean,final_noise_mean,final_signal_noise_gap,delta_ari,delta_nmi,delta_f1_thresh,delta_f1_top,delta_auprc,step_a_eval_sec,fit_sec,final_K,status,error
200,1,100,10,3,1.0,0.39301220509608387,0.42249849857033644,0.8,1.0,1.0,0.9999999999999999,15,0.9330211877822876,0.23882670775055886,0.6941944800317288,0.4620310335829135,0.5136138120021532,0.38461538461538464,1.0,1.0,0.9999999999999999,42,0.9336791634559631,0.39879434522655277,0.5348848182294104,0.06901882848682961,0.09111531343181672,-0.4153846153846154,0.0,0.0,0.21944148400143604,3.3191350470006,3,ok,
200,2,100,10,3,1.0,0.40471114183247975,0.44262940954953645,0.6451612903225806,1.0,1.0,0.9999999999999999,21,0.9355083763599396,0.25446073868208463,0.6810476376778549,0.4590146983440438,0.5192091084473612,0.37037037037037035,1.0,1.0,0.9999999999999999,44,0.9356874585151672,0.40869585540559555,0.5269916031095716,0.054303556511564044,0.07657969889782479,-0.2747909199522103,0.0,0.0,0.24035156600075425,1.3772160729986354,3,ok,
200,3,100,10,3,1.0,0.39218284570159306,0.4457376830665293,0.7407407407407407,1.0,1.0,0.9999999999999999,17,0.9332736670970917,0.24310328964557912,0.6901703774515126,0.38050143462825664,0.45862360058707896,0.4166666666666667,1.0,1.0,0.9999999999999999,38,0.9335931777954102,0.3968044656018416,0.5367887121935686,-0.011681411073336423,0.012885917520549683,-0.324074074074074,0.0,0.0,0.13750342599996657,1.0237702510003146,3,ok,
200,4,100,10,3,1.0,0.3896262604479124,0.4151185369600305,0.625,1.0,1.0,0.9999999999999999,22,0.9349067866802215,0.26107184030115604,0.6738349463790655,0.4452145341598963,0.47813480141748305,0.38461538461538464,1.0,1.0,0.9999999999999999,42,0.9354594886302948,0.42110153204864925,0.5143579565816456,0.05558827371198394,0.06301626445745256,-0.24038461538461536,0.0,0.0,0.143136542999855,1.0424593050011026,3,ok,
200,5,100,10,3,1.0,0.36412323407906233,0.41458722340184523,0.6666666666666666,1.0,1.0,0.9999999999999999,20,0.9279569387435913,0.2653720113552279,0.6625849273883634,0.36248348101728156,0.4313709023681654,0.37735849056603776,1.0,1.0,0.9999999999999999,43,0.9301190316677094,0.42095672744843693,0.5091623042192724,-0.0016397530617807687,0.01678367896632016,-0.28930817610062887,0.0,0.0,0.14236998699925607,1.0503056320012547,3,ok,
200,6,100,10,3,1.0,0.3507708386647255,0.4110698843210124,0.7407407407407407,1.0,1.0,0.9999999999999999,17,0.9256266057491302,0.22221032571461466,0.7034162800345156,0.6050433618204074,0.6107272238433541,0.4878048780487805,1.0,1.0,0.9999999999999999,31,0.9294674158096313,0.3667334244483047,0.5627339913613266,0.2542725231556819,0.19965733952234171,-0.2529358626919602,0.0,0.0,0.16638828300165187,1.0260292190014297,3,ok,
200,7,100,10,3,1.0,0.38611179345952146,0.40091790495828267,0.7407407407407407,1.0,1.0,0.9999999999999999,17,0.9146688044071197,0.20648429083327452,0.7081845135738452,0.621599392923193,0.5905684471046244,0.5263157894736842,1.0,1.0,0.9999999999999999,28,0.9186446011066437,0.3428884773618645,0.5757561237447792,0.23548759946367154,0.18965054214634175,-0.21442495126705652,0.0,0.0,0.14164432200050214,1.0541116620006505,3,ok,
200,8,100,10,3,1.0,0.3745996847446386,0.3923304389876831,0.7692307692307693,1.0,1.0,0.9999999999999999,16,0.9415902256965637,0.24081044822103448,0.7007797774755292,0.7175467958399666,0.695649368742662,0.425531914893617,1.0,1.0,0.9999999999999999,37,0.9420661091804504,0.39171893157892756,0.5503471776015229,0.342947111095328,0.3033189297549789,-0.34369885433715225,0.0,0.0,0.1508364689998416,1.035861249998561,3,ok,
200,9,100,10,3,1.0,0.32028258065378523,0.3587169336504078,0.6060606060606061,1.0,1.0,0.9999999999999999,23,0.9228573262691497,0.26843686658475135,0.6544204596843983,0.6873566246780444,0.6481860474378888,0.3389830508474576,1.0,1.0,0.9999999999999999,49,0.9247473835945129,0.42733695722288556,0.49741042637162736,0.36707404402425914,0.28946911378748097,-0.26707755521314847,0.0,0.0,0.14100682200114534,1.0490691360009805,3,ok,
200,10,100,10,3,1.0,0.34650915576588637,0.38732404040454016,0.625,1.0,1.0,0.9999999999999999,22,0.9302309274673461,0.26853179145190453,0.6616991360154416,0.3843669969936533,0.42344266687784576,0.36363636363636365,1.0,1.0,0.9999999999999999,45,0.9315255343914032,0.4281565633912881,0.503368971000115,0.03785784122776692,0.036118626473305604,-0.26136363636363635,0.0,0.0,0.14593091200003983,1.0699169130002701,3,ok,
200,11,100,10,3,1.0,0.37557306062897794,0.4280928860878199,0.7692307692307693,1.0,1.0,0.9999999999999999,16,0.9355426788330078,0.24896553150481648,0.6865771473281913,0.6574294284217949,0.6481962372193253,0.4,1.0,1.0,0.9999999999999999,40,0.9359072864055633,0.4012097183201048,0.5346975680854584,0.2818563677928169,0.22010335113150536,-0.36923076923076925,0.0,0.0,0.21907651999936206,1.361607135999293,3,ok,
200,12,100,10,3,1.0,0.3704494566969792,0.4038368447934828,0.8,1.0,1.0,0.9999999999999999,15,0.9060530066490173,0.21198010101086565,0.6940729056381517,0.6093617464040697,0.5834175115560339,0.4878048780487805,1.0,1.0,0.9999999999999999,31,0.9091186881065368,0.355911315480868,0.5532073726256688,0.2389122897070905,0.17958066676255113,-0.31219512195121957,0.0,0.0,0.20549204599956283,1.405622497000877,3,ok,
200,13,100,10,3,1.0,0.3425742397257672,0.3617909044189765,0.6666666666666666,1.0,1.0,0.9999999999999999,20,0.9281496524810791,0.2653192289173603,0.6628304235637188,0.4123283856353761,0.4526107859726689,0.37735849056603776,1.0,1.0,0.9999999999999999,43,0.9287336468696594,0.41837260896960893,0.5103610379000505,0.06975414590960888,0.09081988155369242,-0.28930817610062887,0.0,0.0,0.2185439580007369,1.4720287609998195,3,ok,
200,14,100,10,3,1.0,0.376409892933327,0.4050094912698778,0.6451612903225806,1.0,1.0,0.9999999999999999,21,0.9267722249031067,0.23490091479486888,0.6918713101082379,0.4285623939847722,0.43793249700634784,0.46511627906976744,1.0,1.0,0.9999999999999999,33,0.9273788750171661,0.38304791582955255,0.5443309591876135,0.0521525010514452,0.03292300573647006,-0.1800450112528132,0.0,0.0,0.14397989499957475,1.0358175289984501,3,ok,
200,15,100,10,3,1.0,0.38310978880062857,0.4245801355529613,0.5882352941176471,1.0,1.0,0.9999999999999999,24,0.9328347086906433,0.27275645265148746,0.6600782560391558,0.4402144288835191,0.4907648427433516,0.3448275862068966,1.0,1.0,0.9999999999999999,48,0.933298122882843,0.4292450091077222,0.5040531137751207,0.05710464008289051,0.06618470719039027,-0.2434077079107505,0.0,0.0,0.13861809400077618,1.0226370950003911,3,ok,
200,16,100,10,3,1.0,0.3888627814315845,0.44301934112674957,0.6666666666666666,1.0,1.0,0.9999999999999999,20,0.929935622215271,0.2523683278510968,0.6775672943641742,0.38936916171029523,0.44483798564640376,0.40816326530612246,1.0,1.0,0.9999999999999999,39,0.9302807092666626,0.40775524286760223,0.5225254663990604,0.0005063802787107496,0.001818644519654189,-0.25850340136054417,0.0,0.0,0.14355198799967184,1.0673965040004987,3,ok,
200,17,100,10,3,1.0,0.45142396573154414,0.4550481521850574,0.7142857142857143,1.0,1.0,0.9999999999999999,18,0.9414616167545319,0.22396424400309722,0.7174973727514347,0.7053800461321775,0.6707279610569504,0.4166666666666667,1.0,1.0,0.9999999999999999,38,0.9416240811347961,0.3683937586843967,0.5732303224503994,0.2539560804006334,0.21567980887189303,-0.2976190476190476,0.0,0.0,0.15416410499892663,1.0214849160001904,3,ok,
200,18,100,10,3,1.0,0.46184697609253234,0.513575642420943,0.7407407407407407,1.0,1.0,0.9999999999999999,17,0.9322977483272552,0.22072213631537224,0.711575612011883,0.6734006504751464,0.643217505315474,0.43478260869565216,1.0,1.0,0.9999999999999999,36,0.932525497674942,0.3707311450607247,0.5617943526142173,0.21155367438261408,0.12964186289453095,-0.30595813204508854,0.0,0.0,0.14091594099954818,1.0025125759984803,3,ok,
200,19,100,10,3,1.0,0.36823287120529846,0.4109206246682314,0.6666666666666666,1.0,1.0,0.9999999999999999,20,0.9275744736194611,0.2408549215644598,0.6867195520550013,0.7180905514938704,0.677106623471553,0.40816326530612246,1.0,1.0,0.9999999999999999,39,0.9281562447547913,0.38352182234327,0.5446344224115214,0.3498576802885719,0.2661859988033216,-0.25850340136054417,0.0,0.0,0.14028687800055195,0.9955672319993027,3,ok,
200,20,100,10,3,1.0,0.4029724914749974,0.45987581966918284,0.9523809523809523,1.0,1.0,0.9999999999999999,11,0.9069231927394867,0.1962695796870523,0.7106536130524345,0.7654890773556707,0.7189820964973014,0.45454545454545453,1.0,1.0,0.9999999999999999,34,0.909935462474823,0.3491000380780962,0.5608354243967268,0.3625165858806733,0.25910627682811854,-0.4978354978354978,0.0,0.0,0.13761308600078337,1.0019549860007828,3,ok,
1000,1,100,10,3,1.0,0.6441895427373224,0.6152751207527928,0.9523809523809523,1.0,1.0,0.9999999999999999,11,0.9484782099723816,0.1593310663269626,0.789147143645419,0.765966663125247,0.7246366222934487,0.6896551724137931,1.0,1.0,0.9999999999999999,19,0.9485493540763855,0.2919365379545424,0.6566128161218432,0.12177712038792454,0.10936150154065594,-0.2627257799671592,0.0,0.0,0.20557245300005889,3.869898008999371,3,ok,
1000,2,100,10,3,1.0,0.7131676465507701,0.6664768502897029,1.0,1.0,1.0,0.9999999999999999,10,0.9459898054599762,0.15880838533242544,0.7871814201275508,0.7637484389411019,0.7142560561746405,0.6666666666666666,1.0,1.0,0.9999999999999999,20,0.9460828721523284,0.2965315583679411,0.6495513137843874,0.05058079239033175,0.04777920588493756,-0.33333333333333337,0.0,0.0,0.30628729599993676,3.3478386209990276,3,ok,
1000,3,100,10,3,1.0,0.6759477751090296,0.6359844744454081,0.9523809523809523,1.0,1.0,0.9999999999999999,11,0.948214054107666,0.1571865195615424,0.7910275345461236,0.8137717231078153,0.7621425196625587,0.6666666666666666,1.0,1.0,0.9999999999999999,20,0.948236757516861,0.28275322624378735,0.6654835312730736,0.13782394799878572,0.12615804521715068,-0.2857142857142857,0.0,0.0,0.2144686419997015,3.015639844999896,3,ok,
1000,4,100,10,3,1.0,0.6084334242028492,0.5807598991725638,1.0,1.0,1.0,0.9999999999999999,10,0.946115916967392,0.17686170753505495,0.769254209432337,0.7949933064209936,0.7439166073867322,0.5882352941176471,1.0,1.0,0.9999999999999999,24,0.9462051689624786,0.31987092768152553,0.6263342412809532,0.18655988221814446,0.1631567082141684,-0.4117647058823529,0.0,0.0,0.20474542600095447,3.573842825000611,3,ok,
1000,5,100,10,3,1.0,0.6603099289490393,0.6182855522416586,1.0,1.0,1.0,0.9999999999999999,10,0.9486746668815613,0.16557362005114556,0.7831010468304158,0.7329070183042038,0.6869868546492249,0.6060606060606061,1.0,1.0,0.9999999999999999,23,0.9488182365894318,0.29969405581553776,0.649124180773894,0.07259708935516451,0.06870130240756633,-0.3939393939393939,0.0,0.0,0.21172275800017815,2.96864972900039,3,ok,
1000,6,100,10,3,1.0,0.7032420320070156,0.6562365140150357,1.0,1.0,1.0,0.9999999999999999,10,0.9439270198345184,0.16986998336182701,0.7740570364726914,0.7843640391627966,0.7336989002294602,0.625,1.0,1.0,0.9999999999999999,22,0.9440810143947601,0.3047012055913607,0.6393798088033994,0.081122007155781,0.07746238621442447,-0.375,0.0,0.0,0.32835656499992183,3.499460443999851,3,ok,
1000,7,100,10,3,1.0,0.7003305704164947,0.656369037314669,1.0,1.0,1.0,0.9999999999999999,10,0.9493734002113342,0.14403660537468063,0.8053367948366535,0.7800699076133092,0.7288810808231868,0.6896551724137931,1.0,1.0,0.9999999999999999,19,0.949441808462143,0.2655709701279799,0.6838708383341631,0.07973933719681447,0.07251204350851781,-0.31034482758620685,0.0,0.0,0.20760412400159112,3.270817253000132,3,ok,
1000,8,100,10,3,1.0,0.6564647326485339,0.6151911432148539,0.9090909090909091,1.0,1.0,0.9999999999999999,12,0.9479430377483368,0.17981750911308658,0.7681255286352502,0.7468758287098383,0.6994415815504267,0.6451612903225806,1.0,1.0,0.9999999999999999,21,0.9480532348155976,0.3197082052628199,0.6283450295527777,0.09041109606130437,0.08425043833557277,-0.26392961876832843,0.0,0.0,0.20175992499935091,3.3151555140011624,3,ok,
1000,9,100,10,3,1.0,0.6609711041663999,0.6193148455125895,1.0,1.0,1.0,0.9999999999999999,10,0.9434374809265137,0.16915024643143017,0.7742872344950835,0.785090736781485,0.7350150789919485,0.6451612903225806,1.0,1.0,0.9999999999999999,21,0.9435554683208466,0.3055046658549044,0.6380508024659421,0.12411963261508507,0.11570023347935898,-0.3548387096774194,0.0,0.0,0.21923196200077655,3.015077829999427,3,ok,
1000,10,100,10,3,1.0,0.6927358088912056,0.6495082299179639,1.0,1.0,1.0,0.9999999999999999,10,0.9464715540409088,0.14296520571741794,0.8035063483234908,0.7676917493546828,0.7165167922150052,0.7407407407407407,1.0,1.0,0.9999999999999999,17,0.946574205160141,0.2643227673239178,0.6822514378362232,0.0749559404634772,0.06700856229704133,-0.2592592592592593,0.0,0.0,0.2838519230008387,3.3922640820001106,3,ok,
1000,11,100,10,3,1.0,0.6537233651181801,0.6140306875186835,1.0,1.0,1.0,0.9999999999999999,10,0.9469386875629425,0.16205822055538496,0.7848804670075575,0.7774353188830339,0.7257050219921105,0.7407407407407407,1.0,1.0,0.9999999999999999,17,0.9470673620700836,0.2991912096738815,0.647876152396202,0.12371195376485378,0.111674334473427,-0.2592592592592593,0.0,0.0,0.3212438379996456,2.864936508000028,3,ok,
1000,12,100,10,3,1.0,0.6911829071555082,0.6555591361933885,0.9090909090909091,1.0,1.0,0.9999999999999999,12,0.9488877415657043,0.17988189541631275,0.7690058461493916,0.8021473066583138,0.751273795111709,0.6060606060606061,1.0,1.0,0.9999999999999999,23,0.9489308655261993,0.3223744384116597,0.6265564271145396,0.11096439950280557,0.09571465891832054,-0.303030303030303,0.0,0.0,0.21868739599995024,2.8570507500007807,3,ok,
1000,13,100,10,3,1.0,0.5514850297966846,0.53746797706634,0.9090909090909091,1.0,1.0,0.9999999999999999,12,0.9465165615081788,0.18559415555662578,0.7609224059515529,0.7840421375812935,0.7356744196127819,0.5263157894736842,1.0,1.0,0.9999999999999999,28,0.9465919315814972,0.3215192636681928,0.6250726679133045,0.23255710778460892,0.19820644254644193,-0.3827751196172249,0.0,0.0,0.22812796600010188,3.3368729410012747,3,ok,
1000,14,100,10,3,1.0,0.5679286367801977,0.5468638375618036,1.0,1.0,1.0,0.9999999999999999,10,0.9491425275802612,0.18319544022281964,0.7659470873574415,0.7748378538577694,0.723911450286786,0.5555555555555556,1.0,1.0,0.9999999999999999,26,0.9492190659046174,0.3300545048382547,0.6191645610663626,0.2069092170775717,0.17704761272498248,-0.4444444444444444,0.0,0.0,0.20701264699891908,3.4341845409999223,3,ok,
1000,15,100,10,3,1.0,0.6405860284486802,0.6085563990820881,0.9523809523809523,1.0,1.0,0.9999999999999999,11,0.9461388766765595,0.18036063830885624,0.7657782383677032,0.8136454727627235,0.7617927886948809,0.5555555555555556,1.0,1.0,0.9999999999999999,26,0.9462393581867218,0.32008917232354483,0.626150185863177,0.1730594443140433,0.15323638961279273,-0.39682539682539675,0.0,0.0,0.3173974820001604,3.3685158570006024,3,ok,
1000,16,100,10,3,1.0,0.5551739625891289,0.5409518934677202,1.0,1.0,1.0,0.9999999999999999,10,0.9443850040435791,0.1953395308719741,0.749045473171605,0.7377147486961435,0.6915529422691644,0.47619047619047616,1.0,1.0,0.9999999999999999,32,0.9444846391677857,0.3411806075937218,0.6033040315740639,0.18254078610701463,0.1506010488014442,-0.5238095238095238,0.0,0.0,0.2162953919996653,2.9056752910000796,3,ok,
1000,17,100,10,3,1.0,0.6163597567762332,0.5765458081094508,0.8333333333333334,1.0,1.0,0.9999999999999999,14,0.943397980928421,0.17804222607778178,0.7653557548506392,0.7351594246359466,0.6857639785583167,0.6451612903225806,1.0,1.0,0.9999999999999999,21,0.9435575366020202,0.31071580201387405,0.6328417345881462,0.11879966785971341,0.10921817044886595,-0.18817204301075274,0.0,0.0,0.2031511169989244,2.7039077330009604,3,ok,
1000,18,100,10,3,1.0,0.6838918014657607,0.6431278460227193,1.0,1.0,1.0,0.9999999999999999,10,0.9444449961185455,0.1746715956264072,0.7697734004921383,0.7916527139898071,0.741870556809595,0.5882352941176471,1.0,1.0,0.9999999999999999,24,0.9444969058036804,0.3169713823331727,0.6275255234705077,0.1077609125240464,0.09874271078687569,-0.4117647058823529,0.0,0.0,0.2572603030002938,3.187744670000029,3,ok,
1000,19,100,10,3,1.0,0.607305429413002,0.5809281067638977,0.9523809523809523,1.0,1.0,0.9999999999999999,11,0.947471421957016,0.18217649882038434,0.7652949231366316,0.7882581470054824,0.7362870283011228,0.5555555555555556,1.0,1.0,0.9999999999999999,26,0.9475551664829254,0.3197539183000723,0.627801248182853,0.18095271759248033,0.15535892153722508,-0.39682539682539675,0.0,0.0,0.2742381480002223,3.7477009289996204,3,ok,
1000,20,100,10,3,1.0,0.5754656872094955,0.5497174748202387,0.9523809523809523,1.0,1.0,0.9999999999999999,11,0.9480985820293426,0.18338286549680763,0.764715716532535,0.7167838477867208,0.6687516499957723,0.5263157894736842,1.0,1.0,0.9999999999999999,28,0.9481393575668335,0.3237528007063601,0.6243865568604734,0.14131816057722524,0.11903417517553361,-0.42606516290726815,0.0,0.0,0.19959865800046828,3.4474990280014026,3,ok,
