setting,variant,seed,n,d,d_info,k_true,status,error,ARI,NMI,runtime_sec,final_K,correct_K,over_split,under_split,split_proposals,accepted_splits,rejected_splits,active_dims,feature_f1_thresh,feature_f1_topd
correlated_noise,Fixed-K,1,200,100,10,3,ok,,1.0,1.0,1.047520052998152,3,1,0,0,0,0,0,46,0.35714285714285715,1.0
correlated_noise,Full-DIVI,1,200,100,10,3,ok,,0.9124416685824278,0.8883385831180325,0.9932450719970802,3,1,0,0,2,2,0,37,0.425531914893617,1.0
correlated_noise,No-Gating,1,200,100,10,3,ok,,0.45220032606286126,0.5252799795677509,0.5613624170000548,2,0,0,1,1,1,0,100,,
correlated_noise,No-StepA,1,200,100,10,3,ok,,0.5937225078030778,0.6095263810487931,0.9301426290003292,3,1,0,0,2,2,0,100,0.18181818181818182,0.5
correlated_noise,No-StepA-FixedK,1,200,100,10,3,ok,,0.9553484166355675,0.9353746200411693,0.9287591669999529,3,1,0,0,0,0,0,100,0.18181818181818182,0.9
correlated_noise,Unsafe-Split,1,200,100,10,3,ok,,0.6800319968632936,0.775312299539906,1.0134509649979009,6,0,1,0,4,4,0,38,0.4166666666666667,1.0
correlated_noise,Fixed-K,2,200,100,10,3,ok,,1.0,1.0,1.0767916139993758,3,1,0,0,0,0,0,46,0.35714285714285715,1.0
correlated_noise,Full-DIVI,2,200,100,10,3,ok,,0.9418302090668691,0.9207171631302861,1.0127861449982447,3,1,0,0,2,2,0,44,0.37037037037037035,1.0
correlated_noise,No-Gating,2,200,100,10,3,ok,,0.4707945050386722,0.545757522883591,0.5485840830006055,2,0,0,1,1,1,0,100,,
correlated_noise,No-StepA,2,200,100,10,3,ok,,0.5436048572572952,0.6088548616799752,0.9011206989998755,3,1,0,0,2,2,0,100,0.18181818181818182,0.4
correlated_noise,No-StepA-FixedK,2,200,100,10,3,ok,,0.9851149892064401,0.9763780799682114,1.2685904359968845,3,1,0,0,0,0,0,100,0.18181818181818182,0.8
correlated_noise,Unsafe-Split,2,200,100,10,3,ok,,0.6990110354500757,0.7962425186920581,1.4148048419992847,6,0,1,0,4,4,0,39,0.40816326530612246,1.0
correlated_noise,Fixed-K,3,200,100,10,3,ok,,1.0,1.0,1.077763765999407,3,1,0,0,0,0,0,48,0.3448275862068966,1.0
correlated_noise,Full-DIVI,3,200,100,10,3,ok,,0.9127857289988182,0.8798845326667493,1.4034323790001508,3,1,0,0,2,2,0,48,0.3448275862068966,1.0
correlated_noise,No-Gating,3,200,100,10,3,ok,,0.4865039552133428,0.5646827759269512,0.5723589009976422,2,0,0,1,1,1,0,100,,
correlated_noise,No-StepA,3,200,100,10,3,ok,,0.40324399420995904,0.511839175012371,1.1875406139988627,3,1,0,0,2,2,0,100,0.18181818181818182,0.7
correlated_noise,No-StepA-FixedK,3,200,100,10,3,ok,,0.43529422512830196,0.5545205528258615,0.8852336130003096,3,1,0,0,0,0,0,100,0.18181818181818182,0.7
correlated_noise,Unsafe-Split,3,200,100,10,3,ok,,0.6834731182390393,0.7909076960362528,1.0166253600000346,6,0,1,0,4,4,0,44,0.37037037037037035,1.0
correlated_noise,Fixed-K,4,200,100,10,3,ok,,1.0,1.0,1.078865521998523,3,1,0,0,0,0,0,40,0.4,1.0
correlated_noise,Full-DIVI,4,200,100,10,3,ok,,0.9701140438994014,0.9527254264083758,1.0549239490028413,3,1,0,0,2,2,0,35,0.4444444444444444,1.0
correlated_noise,No-Gating,4,200,100,10,3,ok,,0.44991132141868606,0.524123641787839,0.582642459001363,2,0,0,1,1,1,0,100,,
correlated_noise,No-StepA,4,200,100,10,3,ok,,0.699419031687037,0.6950807333219378,0.8848676589987008,3,1,0,0,2,2,0,100,0.18181818181818182,0.7
correlated_noise,No-StepA-FixedK,4,200,100,10,3,ok,,1.0,1.0,0.8681098520028172,3,1,0,0,0,0,0,100,0.18181818181818182,1.0
correlated_noise,Unsafe-Split,4,200,100,10,3,ok,,0.6816195876884313,0.7774734939455903,0.9796272370003862,6,0,1,0,4,4,0,36,0.43478260869565216,1.0
correlated_noise,Fixed-K,5,200,100,10,3,ok,,1.0,1.0,1.5112512500018056,3,1,0,0,0,0,0,54,0.3125,1.0
correlated_noise,Full-DIVI,5,200,100,10,3,ok,,0.715923937095293,0.703925449267585,1.2656354380014818,3,1,0,0,2,2,0,40,0.4,1.0
correlated_noise,No-Gating,5,200,100,10,3,ok,,0.5088434888949317,0.6023852767861292,0.802568656999938,2,0,0,1,1,1,0,100,,
correlated_noise,No-StepA,5,200,100,10,3,ok,,0.39831581191939675,0.4528354035120194,1.2040826179982105,3,1,0,0,2,2,0,100,0.18181818181818182,0.3
correlated_noise,No-StepA-FixedK,5,200,100,10,3,ok,,1.0,1.0,0.84350361199904,3,1,0,0,0,0,0,100,0.18181818181818182,1.0
correlated_noise,Unsafe-Split,5,200,100,10,3,ok,,0.6961089731842893,0.7969283616722893,1.2620337209991703,6,0,1,0,4,4,0,38,0.4166666666666667,1.0
correlated_noise,Fixed-K,6,200,100,10,3,ok,,1.0,1.0,1.0572298080005567,3,1,0,0,0,0,0,35,0.4444444444444444,1.0
correlated_noise,Full-DIVI,6,200,100,10,3,ok,,0.4570944915346867,0.5332930450518699,1.0290779930001008,3,1,0,0,2,2,0,37,0.425531914893617,1.0
correlated_noise,No-Gating,6,200,100,10,3,ok,,0.4490082832703891,0.521996149930497,0.5671668750001118,2,0,0,1,1,1,0,100,,
correlated_noise,No-StepA,6,200,100,10,3,ok,,0.44361196874418074,0.5003390679320235,0.9344434069971612,3,1,0,0,2,2,0,100,0.18181818181818182,0.4
correlated_noise,No-StepA-FixedK,6,200,100,10,3,ok,,1.0,1.0,0.9016174419994059,3,1,0,0,0,0,0,100,0.18181818181818182,0.9
correlated_noise,Unsafe-Split,6,200,100,10,3,ok,,0.6664713337520345,0.7721842380247438,1.0110188430007838,6,0,1,0,4,4,0,35,0.4444444444444444,1.0
correlated_noise,Fixed-K,7,200,100,10,3,ok,,1.0,1.0,1.3764709950010001,3,1,0,0,0,0,0,53,0.31746031746031744,1.0
correlated_noise,Full-DIVI,7,200,100,10,3,ok,,0.9412644128920123,0.9205441076352393,1.0134172379985102,3,1,0,0,2,2,0,39,0.40816326530612246,1.0
correlated_noise,No-Gating,7,200,100,10,3,ok,,0.4937368946329685,0.5797470768308065,0.5885345120004786,2,0,0,1,1,1,0,100,,
correlated_noise,No-StepA,7,200,100,10,3,ok,,0.7110025330625561,0.7044274080041455,0.8665510049977456,3,1,0,0,2,2,0,100,0.18181818181818182,0.6
correlated_noise,No-StepA-FixedK,7,200,100,10,3,ok,,1.0,1.0,1.2273611480013642,3,1,0,0,0,0,0,100,0.18181818181818182,0.9
correlated_noise,Unsafe-Split,7,200,100,10,3,ok,,0.5824392648533606,0.7647634847568122,1.4075485339999432,6,0,1,0,4,4,0,37,0.425531914893617,1.0
correlated_noise,Fixed-K,8,200,100,10,3,ok,,1.0,1.0,1.0266638189968944,3,1,0,0,0,0,0,50,0.3333333333333333,1.0
correlated_noise,Full-DIVI,8,200,100,10,3,ok,,0.9418302090668691,0.9207171631302861,1.4346991029997298,3,1,0,0,2,2,0,41,0.39215686274509803,1.0
correlated_noise,No-Gating,8,200,100,10,3,ok,,0.5763083664742301,0.7370138023188832,0.5502589460011222,2,0,0,1,1,1,0,100,,
correlated_noise,No-StepA,8,200,100,10,3,ok,,0.6143587579082983,0.6528831003573282,0.8755920759977016,3,1,0,0,2,2,0,100,0.18181818181818182,0.5
correlated_noise,No-StepA-FixedK,8,200,100,10,3,ok,,0.9851149892064401,0.9763780799682114,0.8557666630003951,3,1,0,0,0,0,0,100,0.18181818181818182,0.8
correlated_noise,Unsafe-Split,8,200,100,10,3,ok,,0.7086472098869435,0.8020602497058775,1.0285812720030663,6,0,1,0,4,4,0,37,0.425531914893617,1.0
correlated_noise,Fixed-K,9,200,100,10,3,ok,,1.0,1.0,1.0596099819995288,3,1,0,0,0,0,0,55,0.3076923076923077,1.0
correlated_noise,Full-DIVI,9,200,100,10,3,ok,,0.926483954324937,0.8946538197971238,1.0168365190002078,3,1,0,0,2,2,0,43,0.37735849056603776,1.0
correlated_noise,No-Gating,9,200,100,10,3,ok,,0.4454850283406217,0.5185807595208198,0.5697010980002233,2,0,0,1,1,1,0,100,,
correlated_noise,No-StepA,9,200,100,10,3,ok,,0.3918006246383907,0.4878651222291788,0.8889342389993544,3,1,0,0,2,2,0,100,0.18181818181818182,0.3
correlated_noise,No-StepA-FixedK,9,200,100,10,3,ok,,1.0,1.0,1.0353651830009767,3,1,0,0,0,0,0,100,0.18181818181818182,0.9
correlated_noise,Unsafe-Split,9,200,100,10,3,ok,,0.6969386636838067,0.7945660158454382,1.0637758260018018,6,0,1,0,4,4,0,42,0.38461538461538464,1.0
correlated_noise,Fixed-K,10,200,100,10,3,ok,,1.0,1.0,1.4221791710006073,3,1,0,0,0,0,0,47,0.3508771929824561,1.0
correlated_noise,Full-DIVI,10,200,100,10,3,ok,,0.8308892071277707,0.7975129618037985,1.3883566389995394,3,1,0,0,2,2,0,43,0.37735849056603776,1.0
correlated_noise,No-Gating,10,200,100,10,3,ok,,0.44776926422783625,0.5207528180763613,0.8110165340003732,2,0,0,1,1,1,0,100,,
correlated_noise,No-StepA,10,200,100,10,3,ok,,0.5004575769461831,0.5774926195061967,1.2679083709990664,3,1,0,0,2,2,0,100,0.18181818181818182,0.3
correlated_noise,No-StepA-FixedK,10,200,100,10,3,ok,,0.9848865697285946,0.9763112474994167,0.9456672950000211,3,1,0,0,0,0,0,100,0.18181818181818182,1.0
correlated_noise,Unsafe-Split,10,200,100,10,3,ok,,0.5596316445916386,0.7452953627639037,1.04077973299718,6,0,1,0,4,4,0,40,0.4,1.0
correlated_noise,Fixed-K,11,200,100,10,3,ok,,1.0,1.0,1.0834872569976142,3,1,0,0,0,0,0,58,0.29411764705882354,1.0
correlated_noise,Full-DIVI,11,200,100,10,3,ok,,0.6553702700636906,0.6463849934411025,1.0406665019982029,3,1,0,0,2,2,0,36,0.43478260869565216,1.0
correlated_noise,No-Gating,11,200,100,10,3,ok,,0.49099546190557697,0.5703932474500806,0.5716575970000122,2,0,0,1,1,1,0,100,,
correlated_noise,No-StepA,11,200,100,10,3,ok,,0.4753449904206253,0.508741587897289,0.9016047340010118,3,1,0,0,2,2,0,100,0.18181818181818182,0.2
correlated_noise,No-StepA-FixedK,11,200,100,10,3,ok,,0.4098600560839118,0.5159246606241442,0.8258142849990691,3,1,0,0,0,0,0,100,0.18181818181818182,0.7
correlated_noise,Unsafe-Split,11,200,100,10,3,ok,,0.6830862705479009,0.7772342321720322,1.0465663169998152,6,0,1,0,4,4,0,37,0.425531914893617,1.0
correlated_noise,Fixed-K,12,200,100,10,3,ok,,0.5070220389102371,0.569619863611497,1.420731316000456,3,1,0,0,0,0,0,58,0.29411764705882354,1.0
correlated_noise,Full-DIVI,12,200,100,10,3,ok,,0.7565612043899945,0.7377034152191431,1.0028980659990339,3,1,0,0,2,2,0,52,0.3225806451612903,1.0
correlated_noise,No-Gating,12,200,100,10,3,ok,,0.44852387472785366,0.5225123774901813,0.8492108680002275,2,0,0,1,1,1,0,100,,
correlated_noise,No-StepA,12,200,100,10,3,ok,,0.58731077471767,0.5941584532047673,0.9557871910001268,3,1,0,0,2,2,0,100,0.18181818181818182,0.4
correlated_noise,No-StepA-FixedK,12,200,100,10,3,ok,,0.9848865697285946,0.9763112474994167,1.2840859470015857,3,1,0,0,0,0,0,100,0.18181818181818182,0.9
correlated_noise,Unsafe-Split,12,200,100,10,3,ok,,0.5662045710863473,0.7336648154055044,1.3469895989983343,6,0,1,0,4,4,0,52,0.3225806451612903,1.0
correlated_noise,Fixed-K,13,200,100,10,3,ok,,1.0,1.0,1.107413732999703,3,1,0,0,0,0,0,35,0.4444444444444444,1.0
correlated_noise,Full-DIVI,13,200,100,10,3,ok,,1.0,1.0,1.0476807410013862,3,1,0,0,2,2,0,47,0.3508771929824561,1.0
correlated_noise,No-Gating,13,200,100,10,3,ok,,0.5411948195517032,0.6470507522897261,0.5848654920009722,2,0,0,1,1,1,0,100,,
correlated_noise,No-StepA,13,200,100,10,3,ok,,0.7960660513250908,0.7684911831307233,0.9445073419992696,3,1,0,0,2,2,0,100,0.18181818181818182,0.3
correlated_noise,No-StepA-FixedK,13,200,100,10,3,ok,,1.0,1.0,0.8537867969971558,3,1,0,0,0,0,0,100,0.18181818181818182,0.9
correlated_noise,Unsafe-Split,13,200,100,10,3,ok,,0.5814017251199509,0.7646043449905577,1.01165162399775,6,0,1,0,4,4,0,42,0.38461538461538464,1.0
correlated_noise,Fixed-K,14,200,100,10,3,ok,,1.0,1.0,1.109708750002028,3,1,0,0,0,0,0,52,0.3225806451612903,1.0
correlated_noise,Full-DIVI,14,200,100,10,3,ok,,0.6928781380733137,0.6822987998378633,1.0273787610021827,3,1,0,0,2,2,0,53,0.31746031746031744,1.0
correlated_noise,No-Gating,14,200,100,10,3,ok,,0.5111669232997521,0.5979760075826087,0.5998493189981673,2,0,0,1,1,1,0,100,,
correlated_noise,No-StepA,14,200,100,10,3,ok,,0.5674455690925648,0.5990829760517924,0.9131794160020945,3,1,0,0,2,2,0,100,0.18181818181818182,0.5
correlated_noise,No-StepA-FixedK,14,200,100,10,3,ok,,0.9848865697285946,0.9763112474994167,1.2145471800031373,3,1,0,0,0,0,0,100,0.18181818181818182,0.9
correlated_noise,Unsafe-Split,14,200,100,10,3,ok,,0.6941713777965149,0.7962323094730305,1.3470543269977497,6,0,1,0,4,4,0,52,0.3225806451612903,1.0
correlated_noise,Fixed-K,15,200,100,10,3,ok,,1.0,1.0,1.1083915129966044,3,1,0,0,0,0,0,53,0.31746031746031744,1.0
correlated_noise,Full-DIVI,15,200,100,10,3,ok,,0.687917489776321,0.6918019578831814,1.4477489570017497,3,1,0,0,2,2,0,49,0.3389830508474576,1.0
correlated_noise,No-Gating,15,200,100,10,3,ok,,0.4451582754296623,0.5184153616670056,0.6048262939984852,2,0,0,1,1,1,0,100,,
correlated_noise,No-StepA,15,200,100,10,3,ok,,0.44362853948060377,0.5213828024407801,1.309803030002513,3,1,0,0,2,2,0,100,0.18181818181818182,0.4
correlated_noise,No-StepA-FixedK,15,200,100,10,3,ok,,1.0,1.0,0.8678397380026581,3,1,0,0,0,0,0,100,0.18181818181818182,0.9
correlated_noise,Unsafe-Split,15,200,100,10,3,ok,,0.5603085620454317,0.7454033775088429,1.0695974930022203,6,0,1,0,4,4,0,43,0.37735849056603776,1.0
correlated_noise,Fixed-K,16,200,100,10,3,ok,,1.0,1.0,1.094076331002725,3,1,0,0,0,0,0,50,0.3333333333333333,1.0
correlated_noise,Full-DIVI,16,200,100,10,3,ok,,0.5998536914191166,0.6465746451835248,1.0396095600008266,3,1,0,0,2,2,0,46,0.35714285714285715,1.0
correlated_noise,No-Gating,16,200,100,10,3,ok,,0.5382323032042499,0.6552250503654662,0.6379683810009737,2,0,0,1,1,1,0,100,,
correlated_noise,No-StepA,16,200,100,10,3,ok,,0.4760174301101563,0.5430900469462331,0.9246003779990133,3,1,0,0,2,2,0,100,0.18181818181818182,0.4
correlated_noise,No-StepA-FixedK,16,200,100,10,3,ok,,1.0,1.0,0.904541251999035,3,1,0,0,0,0,0,100,0.18181818181818182,0.8
correlated_noise,Unsafe-Split,16,200,100,10,3,ok,,0.5668085882447428,0.7606089457380107,1.02913955600161,6,0,1,0,4,4,0,45,0.36363636363636365,1.0
correlated_noise,Fixed-K,17,200,100,10,3,ok,,0.9262623979554283,0.888337730784162,1.6070187209988944,3,1,0,0,0,0,0,48,0.3448275862068966,1.0
correlated_noise,Full-DIVI,17,200,100,10,3,ok,,0.7184537320354761,0.7196074194787211,1.2437827920002746,3,1,0,0,2,2,0,46,0.35714285714285715,1.0
correlated_noise,No-Gating,17,200,100,10,3,ok,,0.5514082153762969,0.6854923680813533,0.8379427489999216,2,0,0,1,1,1,0,100,,
correlated_noise,No-StepA,17,200,100,10,3,ok,,0.4795726527585767,0.5452436609047453,1.2860678799988818,3,1,0,0,2,2,0,100,0.18181818181818182,0.5
correlated_noise,No-StepA-FixedK,17,200,100,10,3,ok,,0.9262623979554283,0.888337730784162,0.9357930549995217,3,1,0,0,0,0,0,100,0.18181818181818182,0.9
correlated_noise,Unsafe-Split,17,200,100,10,3,ok,,0.6592690330617309,0.7467006458424662,1.24802338399968,6,0,1,0,4,4,0,45,0.36363636363636365,1.0
correlated_noise,Fixed-K,18,200,100,10,3,ok,,1.0,1.0,1.1028984730000957,3,1,0,0,0,0,0,45,0.36363636363636365,1.0
correlated_noise,Full-DIVI,18,200,100,10,3,ok,,0.4460073578680455,0.5190472201592888,0.9296976680016087,2,0,0,1,2,1,1,30,0.5,1.0
correlated_noise,No-Gating,18,200,100,10,3,ok,,0.5167516148827104,0.6062619681735029,0.596984526997403,2,0,0,1,1,1,0,100,,
correlated_noise,No-StepA,18,200,100,10,3,ok,,0.4213107239143209,0.5250873385531493,0.8949893680000969,3,1,0,0,2,2,0,100,0.18181818181818182,0.4
correlated_noise,No-StepA-FixedK,18,200,100,10,3,ok,,0.9851149892064401,0.9763780799682114,0.8763530439973692,3,1,0,0,0,0,0,100,0.18181818181818182,1.0
correlated_noise,Unsafe-Split,18,200,100,10,3,ok,,0.6806828091724539,0.7906937709106046,1.09381029600263,6,0,1,0,4,4,0,28,0.5263157894736842,1.0
correlated_noise,Fixed-K,19,200,100,10,3,ok,,1.0,1.0,1.6109978389977186,3,1,0,0,0,0,0,45,0.36363636363636365,1.0
correlated_noise,Full-DIVI,19,200,100,10,3,ok,,0.9555722196925044,0.9354464180988425,1.0384452139987843,3,1,0,0,2,2,0,46,0.35714285714285715,1.0
correlated_noise,No-Gating,19,200,100,10,3,ok,,0.503593082503531,0.5942501983509386,0.6046994850003102,2,0,0,1,1,1,0,100,,
correlated_noise,No-StepA,19,200,100,10,3,ok,,0.6436377025457182,0.6417094571130795,0.9582364640009473,3,1,0,0,2,2,0,100,0.18181818181818182,0.2
correlated_noise,No-StepA-FixedK,19,200,100,10,3,ok,,1.0,1.0,1.3219184699992184,3,1,0,0,0,0,0,100,0.18181818181818182,0.9
correlated_noise,Unsafe-Split,19,200,100,10,3,ok,,0.6958323153961845,0.7974403205542898,1.5252092810005706,6,0,1,0,4,4,0,39,0.40816326530612246,1.0
correlated_noise,Fixed-K,20,200,100,10,3,ok,,1.0,1.0,1.1170930779990158,3,1,0,0,0,0,0,52,0.3225806451612903,1.0
correlated_noise,Full-DIVI,20,200,100,10,3,ok,,0.6377728012861476,0.6391028289344043,1.2669535409986565,3,1,0,0,2,2,0,39,0.40816326530612246,1.0
correlated_noise,No-Gating,20,200,100,10,3,ok,,0.45220032606286126,0.5252799795677509,0.6003163809982652,2,0,0,1,1,1,0,100,,
correlated_noise,No-StepA,20,200,100,10,3,ok,,0.4034966077670775,0.45923173993569205,0.9607859810021182,3,1,0,0,2,2,0,100,0.18181818181818182,0.5
correlated_noise,No-StepA-FixedK,20,200,100,10,3,ok,,1.0,1.0,0.8873541960019793,3,1,0,0,0,0,0,100,0.18181818181818182,1.0
correlated_noise,Unsafe-Split,20,200,100,10,3,ok,,0.703560949347144,0.8007548849721303,1.0734259109995037,6,0,1,0,4,4,0,39,0.40816326530612246,1.0
matched,Fixed-K,1,200,100,10,3,ok,,1.0,1.0,1.351272631000029,3,1,0,0,0,0,0,21,0.6451612903225806,1.0
matched,Full-DIVI,1,200,100,10,3,ok,,0.9409304304319847,0.9181192087635595,3.12047718499889,3,1,0,0,2,2,0,22,0.625,1.0
matched,No-Gating,1,200,100,10,3,ok,,0.4460073578680455,0.5190472201592888,0.8179191799972614,2,0,0,1,1,1,0,100,,
matched,No-StepA,1,200,100,10,3,ok,,0.7821282805686255,0.7575842238142113,1.2322261269982846,3,1,0,0,2,2,0,100,0.18181818181818182,0.5
matched,No-StepA-FixedK,1,200,100,10,3,ok,,1.0,1.0,0.8639069610035222,3,1,0,0,0,0,0,100,0.18181818181818182,0.9
matched,Unsafe-Split,1,200,100,10,3,ok,,0.6819390393852095,0.7913985802259049,1.0122603039999376,6,0,1,0,4,4,0,20,0.6666666666666666,1.0
matched,Fixed-K,2,200,100,10,3,ok,,1.0,1.0,1.1570769129975815,3,1,0,0,0,0,0,17,0.7407407407407407,1.0
matched,Full-DIVI,2,200,100,10,3,ok,,0.8851452328494422,0.8726444798278077,0.9812735910018091,3,1,0,0,2,2,0,23,0.6060606060606061,1.0
matched,No-Gating,2,200,100,10,3,ok,,0.44776926422783625,0.5207528180763613,0.5741444439991028,2,0,0,1,1,1,0,100,,
matched,No-StepA,2,200,100,10,3,ok,,0.404557489263832,0.5001112888284424,0.849167522002972,3,1,0,0,2,2,0,100,0.18181818181818182,0.4
matched,No-StepA-FixedK,2,200,100,10,3,ok,,1.0,1.0,0.9201977619995887,3,1,0,0,0,0,0,100,0.18181818181818182,0.8
matched,Unsafe-Split,2,200,100,10,3,ok,,0.6930631414911862,0.794058878473898,1.0943076920011663,6,0,1,0,4,4,0,22,0.625,1.0
matched,Fixed-K,3,200,100,10,3,ok,,1.0,1.0,1.485864281999966,3,1,0,0,0,0,0,18,0.7142857142857143,1.0
matched,Full-DIVI,3,200,100,10,3,ok,,0.8983831889867403,0.8664203643534023,1.010722586997872,3,1,0,0,2,2,0,33,0.46511627906976744,1.0
matched,No-Gating,3,200,100,10,3,ok,,0.4587641145698368,0.5322715847425356,0.8118925570015563,2,0,0,1,1,1,0,100,,
matched,No-StepA,3,200,100,10,3,ok,,0.3870262729253566,0.4439855180100573,0.8445615860000544,3,1,0,0,2,2,0,100,0.18181818181818182,0.7
matched,No-StepA-FixedK,3,200,100,10,3,ok,,1.0,1.0,1.2676131940024788,3,1,0,0,0,0,0,100,0.18181818181818182,0.9
matched,Unsafe-Split,3,200,100,10,3,ok,,0.5800668034431852,0.7641677485071814,1.4490617170013138,6,0,1,0,4,4,0,29,0.5128205128205128,1.0
matched,Fixed-K,4,200,100,10,3,ok,,0.9848889043575839,0.9763090425173028,1.0537116289997357,3,1,0,0,0,0,0,18,0.7142857142857143,1.0
matched,Full-DIVI,4,200,100,10,3,ok,,0.970001567757263,0.9526898520691804,0.985118019998481,3,1,0,0,2,2,0,27,0.5405405405405406,1.0
matched,No-Gating,4,200,100,10,3,ok,,0.5514082153762969,0.6854923680813533,0.5565772679983638,2,0,0,1,1,1,0,100,,
matched,No-StepA,4,200,100,10,3,ok,,0.912731833475674,0.889963801622108,0.853141470997798,3,1,0,0,2,2,0,100,0.18181818181818182,0.7
matched,No-StepA-FixedK,4,200,100,10,3,ok,,0.970010833911623,0.9589236480097751,0.8751476830002503,3,1,0,0,0,0,0,100,0.18181818181818182,1.0
matched,Unsafe-Split,4,200,100,10,3,ok,,0.5456009485588055,0.719957183049557,1.0618150800000876,6,0,1,0,4,4,0,27,0.5405405405405406,1.0
matched,Fixed-K,5,200,100,10,3,ok,,0.9848889043575839,0.9763090425173028,1.0392292129981797,3,1,0,0,0,0,0,16,0.7692307692307693,1.0
matched,Full-DIVI,5,200,100,10,3,ok,,0.5347728322429022,0.6354888668864086,0.9753766200010432,2,0,0,1,2,1,1,15,0.8,1.0
matched,No-Gating,5,200,100,10,3,ok,,0.5447212420279234,0.6693526788583186,0.5507062760007102,2,0,0,1,1,1,0,100,,
matched,No-StepA,5,200,100,10,3,ok,,0.4363917125022189,0.5006128376451249,0.854861201998574,3,1,0,0,2,2,0,100,0.18181818181818182,0.3
matched,No-StepA-FixedK,5,200,100,10,3,ok,,0.9848889043575839,0.9763090425173028,1.220060072002525,3,1,0,0,0,0,0,100,0.18181818181818182,1.0
matched,Unsafe-Split,5,200,100,10,3,ok,,0.6835422892368986,0.7795607932867996,1.067292036001163,6,0,1,0,4,4,0,16,0.7692307692307693,1.0
matched,Fixed-K,6,200,100,10,3,ok,,1.0,1.0,1.0862953899995773,3,1,0,0,0,0,0,11,0.9523809523809523,1.0
matched,Full-DIVI,6,200,100,10,3,ok,,0.8854605314368221,0.8631525277655353,1.4355312030020286,3,1,0,0,2,2,0,21,0.6451612903225806,1.0
matched,No-Gating,6,200,100,10,3,ok,,0.4662061653095783,0.5434552223599625,0.8832383689987182,2,0,0,1,1,1,0,100,,
matched,No-StepA,6,200,100,10,3,ok,,0.5354190219410574,0.6050833081298426,1.2236145570022927,3,1,0,0,2,2,0,100,0.18181818181818182,0.5
matched,No-StepA-FixedK,6,200,100,10,3,ok,,1.0,1.0,0.8904542640011641,3,1,0,0,0,0,0,100,0.18181818181818182,0.9
matched,Unsafe-Split,6,200,100,10,3,ok,,0.710978787602407,0.8033742348146975,1.0382324000020162,6,0,1,0,4,4,0,19,0.6896551724137931,1.0
matched,Fixed-K,7,200,100,10,3,ok,,1.0,1.0,1.0360863280002377,3,1,0,0,0,0,0,14,0.8333333333333334,1.0
matched,Full-DIVI,7,200,100,10,3,ok,,0.9704560894579105,0.9528267554683132,0.9771655869990354,3,1,0,0,2,2,0,19,0.6896551724137931,1.0
matched,No-Gating,7,200,100,10,3,ok,,0.4662061653095783,0.5434552223599625,0.5833598760000314,2,0,0,1,1,1,0,100,,
matched,No-StepA,7,200,100,10,3,ok,,0.8363974630005692,0.8176457683933275,0.8561574560008012,3,1,0,0,2,2,0,100,0.18181818181818182,0.6
matched,No-StepA-FixedK,7,200,100,10,3,ok,,1.0,1.0,0.9162027169986686,3,1,0,0,0,0,0,100,0.18181818181818182,0.9
matched,Unsafe-Split,7,200,100,10,3,ok,,0.700804951123528,0.7972450330884618,1.0414719639993564,6,0,1,0,4,4,0,19,0.6896551724137931,1.0
matched,Fixed-K,8,200,100,10,3,ok,,1.0,1.0,1.4640290999996068,3,1,0,0,0,0,0,18,0.7142857142857143,1.0
matched,Full-DIVI,8,200,100,10,3,ok,,0.9127857289988182,0.889911398162295,0.9714213279985415,3,1,0,0,2,2,0,12,0.9090909090909091,1.0
matched,No-Gating,8,200,100,10,3,ok,,0.47294630386584025,0.551852950335384,0.7931343680029386,2,0,0,1,1,1,0,100,,
matched,No-StepA,8,200,100,10,3,ok,,0.6282359268814851,0.6549530978047582,1.087694277997798,3,1,0,0,2,2,0,100,0.18181818181818182,0.5
matched,No-StepA-FixedK,8,200,100,10,3,ok,,1.0,1.0,1.0759564129984938,3,1,0,0,0,0,0,100,0.18181818181818182,0.8
matched,Unsafe-Split,8,200,100,10,3,ok,,0.5821428903071549,0.7646968828733647,1.3708065409991832,6,0,1,0,4,4,0,12,0.9090909090909091,1.0
matched,Fixed-K,9,200,100,10,3,ok,,0.9704606530417694,0.9590630571233186,1.0373854790013866,3,1,0,0,0,0,0,16,0.7692307692307693,1.0
matched,Full-DIVI,9,200,100,10,3,ok,,0.9271769606649515,0.8971604079088178,0.9741284019983141,3,1,0,0,2,2,0,37,0.425531914893617,1.0
matched,No-Gating,9,200,100,10,3,ok,,0.5111669232997521,0.5979760075826087,0.5782271329990181,2,0,0,1,1,1,0,100,,
matched,No-StepA,9,200,100,10,3,ok,,0.5955651219489533,0.6099700851695292,0.846610979999241,3,1,0,0,2,2,0,100,0.18181818181818182,0.3
matched,No-StepA-FixedK,9,200,100,10,3,ok,,0.9704606530417694,0.9590630571233186,0.8377542859998357,3,1,0,0,0,0,0,100,0.18181818181818182,0.9
matched,Unsafe-Split,9,200,100,10,3,ok,,0.5552685769110793,0.7219920318065799,0.9775983889994677,6,0,1,0,4,4,0,35,0.4444444444444444,1.0
matched,Fixed-K,10,200,100,10,3,ok,,0.9851149892064401,0.9763780799682114,1.096663192998676,3,1,0,0,0,0,0,17,0.7407407407407407,1.0
matched,Full-DIVI,10,200,100,10,3,ok,,0.7346945495718307,0.7436288773203149,0.9874150270006794,3,1,0,0,2,2,0,29,0.5128205128205128,1.0
matched,No-Gating,10,200,100,10,3,ok,,0.5088434888949317,0.6023852767861292,0.5509211810021952,2,0,0,1,1,1,0,100,,
matched,No-StepA,10,200,100,10,3,ok,,0.6796205933501807,0.6750769434726297,0.8726971059986681,3,1,0,0,2,2,0,100,0.18181818181818182,0.3
matched,No-StepA-FixedK,10,200,100,10,3,ok,,0.9851149892064401,0.9763780799682114,1.1664115819985454,3,1,0,0,0,0,0,100,0.18181818181818182,1.0
matched,Unsafe-Split,10,200,100,10,3,ok,,0.6954869319517532,0.7860321618792201,1.2782533749996219,6,0,1,0,4,4,0,27,0.5405405405405406,1.0
matched,Fixed-K,11,200,100,10,3,ok,,1.0,1.0,1.0494697070025722,3,1,0,0,0,0,0,16,0.7692307692307693,1.0
matched,Full-DIVI,11,200,100,10,3,ok,,0.8329771837649038,0.82143045183813,1.4524050889995124,3,1,0,0,2,2,0,34,0.45454545454545453,1.0
matched,No-Gating,11,200,100,10,3,ok,,0.44776926422783625,0.5207528180763613,0.6931872089990065,2,0,0,1,1,1,0,100,,
matched,No-StepA,11,200,100,10,3,ok,,0.4307905207213483,0.47872140276539793,1.2883283560004202,3,1,0,0,2,2,0,100,0.18181818181818182,0.2
matched,No-StepA-FixedK,11,200,100,10,3,ok,,1.0,1.0,0.8745699419996527,3,1,0,0,0,0,0,100,0.18181818181818182,0.8
matched,Unsafe-Split,11,200,100,10,3,ok,,0.571289317413266,0.7618138612492533,1.091427265000675,6,0,1,0,4,4,0,32,0.47619047619047616,1.0
matched,Fixed-K,12,200,100,10,3,ok,,0.9848889043575839,0.9763090425173028,1.1257228190006572,3,1,0,0,0,0,0,16,0.7692307692307693,1.0
matched,Full-DIVI,12,200,100,10,3,ok,,0.9409213060835389,0.9118875506979627,1.0068816259990854,3,1,0,0,2,2,0,25,0.5714285714285714,1.0
matched,No-Gating,12,200,100,10,3,ok,,0.5143059856072261,0.611192533296384,0.6307404450017202,2,0,0,1,1,1,0,100,,
matched,No-StepA,12,200,100,10,3,ok,,0.5414894382403768,0.5684654216324047,0.8877924939988588,3,1,0,0,2,2,0,100,0.18181818181818182,0.4
matched,No-StepA-FixedK,12,200,100,10,3,ok,,0.9848889043575839,0.9763090425173028,0.8850144620009814,3,1,0,0,0,0,0,100,0.18181818181818182,0.9
matched,Unsafe-Split,12,200,100,10,3,ok,,0.5637146350173406,0.7461901350816492,1.0819711170006485,6,0,1,0,4,4,0,23,0.6060606060606061,1.0
matched,Fixed-K,13,200,100,10,3,ok,,1.0,1.0,1.5202357469970593,3,1,0,0,0,0,0,14,0.8333333333333334,1.0
matched,Full-DIVI,13,200,100,10,3,ok,,1.0,1.0,1.1534503940019931,3,1,0,0,2,2,0,18,0.7142857142857143,1.0
matched,No-Gating,13,200,100,10,3,ok,,0.45339593189985844,0.5281722222944017,0.8499587800033623,2,0,0,1,1,1,0,100,,
matched,No-StepA,13,200,100,10,3,ok,,0.43486434867279605,0.557135289438887,1.256126640997536,3,1,0,0,2,2,0,100,0.18181818181818182,0.3
matched,No-StepA-FixedK,13,200,100,10,3,ok,,0.9851149892064401,0.9763780799682114,0.851380848998815,3,1,0,0,0,0,0,100,0.18181818181818182,0.9
matched,Unsafe-Split,13,200,100,10,3,ok,,0.6847137981958661,0.7781686561592103,1.3208909730019514,6,0,1,0,4,4,0,18,0.7142857142857143,1.0
matched,Fixed-K,14,200,100,10,3,ok,,0.970001567757263,0.9589307556551494,1.1296531059997506,3,1,0,0,0,0,0,16,0.7692307692307693,1.0
matched,Full-DIVI,14,200,100,10,3,ok,,0.9412870851583854,0.9205191285435739,1.0086764610023238,3,1,0,0,2,2,0,19,0.6896551724137931,1.0
matched,No-Gating,14,200,100,10,3,ok,,0.5411948195517032,0.6470507522897261,0.5965201350009011,2,0,0,1,1,1,0,100,,
matched,No-StepA,14,200,100,10,3,ok,,0.6489717219043897,0.6615576677686719,0.8778934910005773,3,1,0,0,2,2,0,100,0.18181818181818182,0.5
matched,No-StepA-FixedK,14,200,100,10,3,ok,,0.970001567757263,0.9589307556551494,0.9300225699989824,3,1,0,0,0,0,0,100,0.18181818181818182,0.9
matched,Unsafe-Split,14,200,100,10,3,ok,,0.5647829828742227,0.7382577400401896,1.072489295998821,6,0,1,0,4,4,0,18,0.7142857142857143,1.0
matched,Fixed-K,15,200,100,10,3,ok,,1.0,1.0,1.3820437239992316,3,1,0,0,0,0,0,21,0.6451612903225806,1.0
matched,Full-DIVI,15,200,100,10,3,ok,,0.44776926422783625,0.5207528180763613,0.9497664010013978,2,0,0,1,2,1,1,27,0.5405405405405406,1.0
matched,No-Gating,15,200,100,10,3,ok,,0.5111669232997521,0.5979760075826087,0.5691873589967145,2,0,0,1,1,1,0,100,,
matched,No-StepA,15,200,100,10,3,ok,,0.04171022897140516,0.04115640837776859,0.8036257290004869,2,0,0,1,2,1,1,100,0.18181818181818182,0.0
matched,No-StepA-FixedK,15,200,100,10,3,ok,,0.9851149892064401,0.9763780799682114,1.2330854940009885,3,1,0,0,0,0,0,100,0.18181818181818182,0.8
matched,Unsafe-Split,15,200,100,10,3,ok,,0.5694096018340312,0.7480434548883405,1.444605799002602,6,0,1,0,4,4,0,25,0.5714285714285714,1.0
matched,Fixed-K,16,200,100,10,3,ok,,1.0,1.0,1.139606485998229,3,1,0,0,0,0,0,15,0.8,1.0
matched,Full-DIVI,16,200,100,10,3,ok,,0.9412734838994374,0.9205309341305687,1.4832426959983422,3,1,0,0,2,2,0,15,0.8,1.0
matched,No-Gating,16,200,100,10,3,ok,,0.45782139759232565,0.5333656273810204,0.59763744600059,2,0,0,1,1,1,0,100,,
matched,No-StepA,16,200,100,10,3,ok,,0.5790177726765748,0.584432301624194,0.8756945130007807,3,1,0,0,2,2,0,100,0.18181818181818182,0.3
matched,No-StepA-FixedK,16,200,100,10,3,ok,,1.0,1.0,0.9110407529988152,3,1,0,0,0,0,0,100,0.18181818181818182,0.9
matched,Unsafe-Split,16,200,100,10,3,ok,,0.5714384701753078,0.7618349214255549,1.0544810280007368,6,0,1,0,4,4,0,14,0.8333333333333334,1.0
matched,Fixed-K,17,200,100,10,3,ok,,1.0,1.0,1.1328321779983526,3,1,0,0,0,0,0,14,0.8333333333333334,1.0
matched,Full-DIVI,17,200,100,10,3,ok,,0.6522908990046385,0.6779886535737708,1.0525683099986054,3,1,0,0,2,2,0,26,0.5555555555555556,1.0
matched,No-Gating,17,200,100,10,3,ok,,0.5057969778219082,0.5902947470120069,0.5892358509991027,2,0,0,1,1,1,0,100,,
matched,No-StepA,17,200,100,10,3,ok,,0.40837213090958746,0.5596366839508538,0.8857863799967163,3,1,0,0,2,2,0,100,0.18181818181818182,0.5
matched,No-StepA-FixedK,17,200,100,10,3,ok,,1.0,1.0,1.2657767620003142,3,1,0,0,0,0,0,100,0.18181818181818182,1.0
matched,Unsafe-Split,17,200,100,10,3,ok,,0.6897338901109689,0.7944343514436915,1.4349731809998048,6,0,1,0,4,4,0,24,0.5882352941176471,1.0
matched,Fixed-K,18,200,100,10,3,ok,,1.0,1.0,1.205944069999532,3,1,0,0,0,0,0,16,0.7692307692307693,1.0
matched,Full-DIVI,18,200,100,10,3,ok,,0.9409668996591551,0.9304448083881361,1.4960151330014924,3,1,0,0,2,2,0,26,0.5555555555555556,1.0
matched,No-Gating,18,200,100,10,3,ok,,0.46142242335507344,0.5351789721756516,0.863771699998324,2,0,0,1,1,1,0,100,,
matched,No-StepA,18,200,100,10,3,ok,,0.5347728322429022,0.6354888668864086,1.213043577998178,2,0,0,1,2,1,1,100,0.18181818181818182,0.5
matched,No-StepA-FixedK,18,200,100,10,3,ok,,1.0,1.0,0.9229869470000267,3,1,0,0,0,0,0,100,0.18181818181818182,1.0
matched,Unsafe-Split,18,200,100,10,3,ok,,0.6845879054398343,0.790272860322366,1.0294145160005428,6,0,1,0,4,4,0,23,0.6060606060606061,1.0
matched,Fixed-K,19,200,100,10,3,ok,,1.0,1.0,1.1216657660006604,3,1,0,0,0,0,0,21,0.6451612903225806,1.0
matched,Full-DIVI,19,200,100,10,3,ok,,0.9555790820904775,0.935437545993921,0.9958672530010517,3,1,0,0,2,2,0,31,0.4878048780487805,1.0
matched,No-Gating,19,200,100,10,3,ok,,0.503593082503531,0.5942501983509386,0.5966034369994304,2,0,0,1,1,1,0,100,,
matched,No-StepA,19,200,100,10,3,ok,,0.6983226590237512,0.6872291312318151,0.8606130580010358,3,1,0,0,2,2,0,100,0.18181818181818182,0.2
matched,No-StepA-FixedK,19,200,100,10,3,ok,,0.9851149892064401,0.9763780799682114,0.853583059997618,3,1,0,0,0,0,0,100,0.18181818181818182,0.8
matched,Unsafe-Split,19,200,100,10,3,ok,,0.6738263136410904,0.7873475832799012,1.1043513090007764,6,0,1,0,4,4,0,27,0.5405405405405406,1.0
matched,Fixed-K,20,200,100,10,3,ok,,1.0,1.0,1.5452158560001408,3,1,0,0,0,0,0,15,0.8,1.0
matched,Full-DIVI,20,200,100,10,3,ok,,0.8590982727992653,0.8381057997329421,1.0009338980016764,3,1,0,0,2,2,0,14,0.8333333333333334,1.0
matched,No-Gating,20,200,100,10,3,ok,,0.5143059856072261,0.611192533296384,0.7796338189982635,2,0,0,1,1,1,0,100,,
matched,No-StepA,20,200,100,10,3,ok,,0.5565175791811886,0.6027717934993232,1.1172230889969796,3,1,0,0,2,2,0,100,0.18181818181818182,0.5
matched,No-StepA-FixedK,20,200,100,10,3,ok,,1.0,1.0,1.0121054240007652,3,1,0,0,0,0,0,100,0.18181818181818182,1.0
matched,Unsafe-Split,20,200,100,10,3,ok,,0.6776079446300929,0.7885438073574245,1.4773941729981743,6,0,1,0,4,4,0,13,0.8695652173913043,1.0
