design,seed,n,d,d_info,delta,status,error,method,ARI,NMI,runtime_sec,final_K,feature_f1_thresh,feature_f1_top_union,active_dims,feature_auroc,feature_auprc,S12_mean_gate,S12_top_recall,S13_mean_gate,S13_top_recall,S23_mean_gate,S23_top_recall,noise_mean_gate,gate_signal_noise_gap
global_support,1,600,200,15,1.0,ok,,K-means,0.9900041668585104,0.9808938144286627,0.22419921300024725,3,,,,,,,,,,,,,
global_support,1,600,200,15,1.0,ok,,Diag-GMM,0.9900041668585104,0.9808938144286627,0.14559195899892075,3,,,,,,,,,,,,,
global_support,1,600,200,15,1.0,ok,,DIVI-Info,0.9751548572366224,0.9564690760498729,5.741774304000501,3,0.6,0.6666666666666666,25.0,0.94990990990991,0.8046254427147681,0.945728600025177,1.0,0.9346745610237122,1.0,0.4835171699523926,0.0,0.2838669717311859,0.5041064023971558
global_support,2,600,200,15,1.0,ok,,K-means,0.9800962940103582,0.9639095588301363,0.12198030500076129,3,,,,,,,,,,,,,
global_support,2,600,200,15,1.0,ok,,Diag-GMM,0.9751799406720221,0.9572628471603155,0.10762980499930563,3,,,,,,,,,,,,,
global_support,2,600,200,15,1.0,ok,,DIVI-Info,0.9702139218804839,0.947718560119995,2.8946575480003958,3,0.7894736842105263,1.0,23.0,1.0,1.0,0.9446271061897278,1.0,0.9447320699691772,1.0,0.9411568641662598,1.0,0.21378539502620697,0.7297199964523315
global_support,3,600,200,15,1.0,ok,,K-means,0.9553647780937442,0.9232936594274673,0.14641395199942053,3,,,,,,,,,,,,,
global_support,3,600,200,15,1.0,ok,,Diag-GMM,0.9652215240886445,0.9373822025727788,0.10167900499982352,3,,,,,,,,,,,,,
global_support,3,600,200,15,1.0,ok,,DIVI-Info,0.9603552966621728,0.9328463106104864,3.0987002090005262,3,0.9090909090909091,1.0,18.0,1.0,1.0,0.9481534957885742,1.0,0.9454770088195801,1.0,0.9440011978149414,1.0,0.2007424682378769,0.745134711265564
global_support,4,600,200,15,1.0,ok,,K-means,0.9214261386105196,0.8738513270859991,0.10525089099974139,3,,,,,,,,,,,,,
global_support,4,600,200,15,1.0,ok,,Diag-GMM,0.9652094215164384,0.9373777737775941,0.0914475859990489,3,,,,,,,,,,,,,
global_support,4,600,200,15,1.0,ok,,DIVI-Info,0.9651843381866018,0.9373701116824277,3.558304363001298,3,0.9375,1.0,17.0,1.0,1.0,0.9480513334274292,1.0,0.9436586499214172,1.0,0.9456341862678528,1.0,0.20881636440753937,0.7369650602340698
global_support,5,600,200,15,1.0,ok,,K-means,0.9849878166277639,0.9734300455833589,0.1782446239994897,3,,,,,,,,,,,,,
global_support,5,600,200,15,1.0,ok,,Diag-GMM,0.9850001687576281,0.9713385371065009,0.14843678400029603,3,,,,,,,,,,,,,
global_support,5,600,200,15,1.0,ok,,DIVI-Info,0.9850377307840942,0.9734455812074275,3.032063612999991,3,0.6363636363636364,0.8666666666666667,29.0,0.9895495495495497,0.9368686868686869,0.9478863477706909,1.0,0.613974928855896,0.6,0.947705090045929,1.0,0.2682657241821289,0.5682563781738281
global_support,6,600,200,15,1.0,ok,,K-means,0.9505994213912626,0.9172004063424709,0.10722335500031477,3,,,,,,,,,,,,,
global_support,6,600,200,15,1.0,ok,,Diag-GMM,0.9652094215164384,0.9373777737775941,0.11855485700107238,3,,,,,,,,,,,,,
global_support,6,600,200,15,1.0,ok,,DIVI-Info,0.9751173368019517,0.9543619672379726,2.529311232001419,3,0.8333333333333334,1.0,21.0,1.0,1.0,0.9454951286315918,1.0,0.946973443031311,1.0,0.9424017071723938,1.0,0.22341205179691315,0.7215448021888733
global_support,7,600,200,15,1.0,ok,,K-means,0.9506771606303388,0.9201020352394343,0.10725809199902869,3,,,,,,,,,,,,,
global_support,7,600,200,15,1.0,ok,,Diag-GMM,0.9701640069788814,0.9469168085477443,0.09459774199967796,3,,,,,,,,,,,,,
global_support,7,600,200,15,1.0,ok,,DIVI-Info,0.9701640069788814,0.9469168085477443,2.2582874590007123,3,0.9375,1.0,17.0,1.0,1.0,0.9412363171577454,1.0,0.943081259727478,1.0,0.9475820660591125,1.0,0.20859098434448242,0.7353755831718445
global_support,8,600,200,15,1.0,ok,,K-means,0.970114344455987,0.9476869275101106,0.11687472800076648,3,,,,,,,,,,,,,
global_support,8,600,200,15,1.0,ok,,Diag-GMM,0.9700887585727752,0.9468938214354017,0.10627461400144966,3,,,,,,,,,,,,,
global_support,8,600,200,15,1.0,ok,,DIVI-Info,0.9801336683417086,0.9660168044526185,2.252857966999727,3,0.9090909090909091,1.0,18.0,1.0,1.0,0.9452050924301147,1.0,0.9442969560623169,1.0,0.9400418400764465,1.0,0.23035280406475067,0.7128283977508545
global_support,9,600,200,15,1.0,ok,,K-means,0.9604556312482856,0.93417097602171,0.10169253999993089,3,,,,,,,,,,,,,
global_support,9,600,200,15,1.0,ok,,Diag-GMM,0.9604185055176206,0.9341588485927389,0.08421865200034517,3,,,,,,,,,,,,,
global_support,9,600,200,15,1.0,ok,,DIVI-Info,0.9751295644672853,0.9564616864322842,2.5408542599998327,3,0.8823529411764706,1.0,19.0,1.0,1.0,0.9473272562026978,1.0,0.9427005052566528,1.0,0.9453380703926086,1.0,0.2092292606830597,0.735892653465271
global_support,10,600,200,15,1.0,ok,,K-means,0.94107043659972,0.9060609760459273,0.17463263500030735,3,,,,,,,,,,,,,
global_support,10,600,200,15,1.0,ok,,Diag-GMM,0.9553924892860705,0.9261796722319728,0.1422221200009517,3,,,,,,,,,,,,,
global_support,10,600,200,15,1.0,ok,,DIVI-Info,0.9701637558541774,0.9469171136774089,2.9711943340007565,3,0.9375,1.0,17.0,1.0,1.0,0.9435583353042603,1.0,0.9456065893173218,1.0,0.940560519695282,1.0,0.2215375155210495,0.7217043042182922
global_support,11,600,200,15,1.0,ok,,K-means,0.9751295644672853,0.9564616864322842,0.1622060869995039,3,,,,,,,,,,,,,
global_support,11,600,200,15,1.0,ok,,Diag-GMM,0.980096629062875,0.966790895757845,0.12388294500124175,3,,,,,,,,,,,,,
global_support,11,600,200,15,1.0,ok,,DIVI-Info,0.9850377307840942,0.9734455422717693,2.4557918470000004,3,0.8823529411764706,1.0,19.0,1.0,1.0,0.9479308128356934,1.0,0.9468737840652466,1.0,0.9477165937423706,1.0,0.22611097991466522,0.7213960886001587
global_support,12,600,200,15,1.0,ok,,K-means,0.9553924892860705,0.9245919421777858,0.11296431499977189,3,,,,,,,,,,,,,
global_support,12,600,200,15,1.0,ok,,Diag-GMM,0.9603302130156446,0.9299570997037604,0.09356211500016798,3,,,,,,,,,,,,,
global_support,12,600,200,15,1.0,ok,,DIVI-Info,0.9554770895397825,0.9233289530341928,2.5790772960008326,3,0.8823529411764706,1.0,19.0,1.0,1.0,0.939627468585968,1.0,0.9459918141365051,1.0,0.9382883906364441,1.0,0.21577288210391998,0.7255297303199768
global_support,13,600,200,15,1.0,ok,,K-means,0.9652218168183513,0.937381824261226,0.10869437000110338,3,,,,,,,,,,,,,
global_support,13,600,200,15,1.0,ok,,Diag-GMM,0.9701381701566875,0.944814684272873,0.11384748499949637,3,,,,,,,,,,,,,
global_support,13,600,200,15,1.0,ok,,DIVI-Info,0.9750304908988124,0.9564295928153679,2.2363253720013745,3,0.8571428571428571,1.0,20.0,1.0,1.0,0.939058780670166,1.0,0.9441465139389038,1.0,0.9371474385261536,1.0,0.20678454637527466,0.7333331108093262
global_support,14,600,200,15,1.0,ok,,K-means,0.9456603962091055,0.908447360975506,0.1139019170004758,3,,,,,,,,,,,,,
global_support,14,600,200,15,1.0,ok,,Diag-GMM,0.9701381701566875,0.944814684272873,0.08085389000007126,3,,,,,,,,,,,,,
global_support,14,600,200,15,1.0,ok,,DIVI-Info,0.9751295644672853,0.9543662412852868,2.3871192669994343,3,0.9375,1.0,17.0,1.0,1.0,0.9415149688720703,1.0,0.9386879801750183,1.0,0.9452980756759644,1.0,0.20638452470302582,0.7354491353034973
global_support,15,600,200,15,1.0,ok,,K-means,0.980046127139559,0.961798812993219,0.11347247199955746,3,,,,,,,,,,,,,
global_support,15,600,200,15,1.0,ok,,Diag-GMM,0.9850001687576281,0.9713385371065006,0.11016331599967089,3,,,,,,,,,,,,,
global_support,15,600,200,15,1.0,ok,,DIVI-Info,0.9751169179229481,0.954362545059819,2.808068080999874,3,0.9090909090909091,1.0,18.0,1.0,1.0,0.9426110982894897,1.0,0.9448584318161011,1.0,0.9484202265739441,1.0,0.19344602525234222,0.7518506050109863
global_support,16,600,200,15,1.0,ok,,K-means,0.950522923674142,0.9137893707246237,0.14663710400054697,3,,,,,,,,,,,,,
global_support,16,600,200,15,1.0,ok,,Diag-GMM,0.955539610754077,0.9262299500705706,0.12707836000117823,3,,,,,,,,,,,,,
global_support,16,600,200,15,1.0,ok,,DIVI-Info,0.9652728605819767,0.9402776079792851,2.832298481998805,3,0.8571428571428571,1.0,20.0,1.0,1.0,0.944723904132843,1.0,0.9484434127807617,1.0,0.9478937983512878,1.0,0.2119259387254715,0.735094428062439
global_support,17,600,200,15,1.0,ok,,K-means,0.9604185055176206,0.9328649724633618,0.12694405799993547,3,,,,,,,,,,,,,
global_support,17,600,200,15,1.0,ok,,Diag-GMM,0.9652719836891507,0.9402787177957871,0.08930850399883639,3,,,,,,,,,,,,,
global_support,17,600,200,15,1.0,ok,,DIVI-Info,0.985037604845926,0.9713502414949174,2.371135626999603,3,0.967741935483871,1.0,16.0,1.0,1.0,0.9434884786605835,1.0,0.9442775845527649,1.0,0.9450637698173523,1.0,0.22530633211135864,0.7189703583717346
global_support,18,600,200,15,1.0,ok,,K-means,0.9455336122418595,0.9071167145558654,0.11811485900034313,3,,,,,,,,,,,,,
global_support,18,600,200,15,1.0,ok,,Diag-GMM,0.9602700119690433,0.9328163980594711,0.10824357400088047,3,,,,,,,,,,,,,
global_support,18,600,200,15,1.0,ok,,DIVI-Info,0.9651739949856187,0.9402449252706307,2.355211017000329,3,0.8571428571428571,1.0,20.0,1.0,1.0,0.9418856501579285,1.0,0.9418227076530457,1.0,0.9453779458999634,1.0,0.21734561026096344,0.7256831526756287
global_support,19,600,200,15,1.0,ok,,K-means,0.9602569691905256,0.9328132221836066,0.10313356299957377,3,,,,,,,,,,,,,
global_support,19,600,200,15,1.0,ok,,Diag-GMM,0.9555905252121236,0.9284217898584637,0.11062541899991629,3,,,,,,,,,,,,,
global_support,19,600,200,15,1.0,ok,,DIVI-Info,0.9603305469154148,0.9307428138035342,2.3580344909987616,3,0.9375,1.0,17.0,1.0,1.0,0.9456826448440552,1.0,0.9448345899581909,1.0,0.9444724321365356,1.0,0.211578369140625,0.7334181070327759
global_support,20,600,200,15,1.0,ok,,K-means,0.9504119264328611,0.9145385725992365,0.11603098299929115,3,,,,,,,,,,,,,
global_support,20,600,200,15,1.0,ok,,Diag-GMM,0.9602563001748949,0.9307184594821971,0.09517575400059286,3,,,,,,,,,,,,,
global_support,20,600,200,15,1.0,ok,,DIVI-Info,0.9602552966092157,0.9278381791153183,2.665682270999241,3,0.9375,1.0,17.0,1.0,1.0,0.9413354992866516,1.0,0.9384597539901733,1.0,0.947098433971405,1.0,0.22266291081905365,0.719635009765625
cluster_specific,1,600,200,15,1.0,ok,,K-means,0.975104690365823,0.9543582897591719,0.14006175199938298,3,,,,,,,,,,,,,
cluster_specific,1,600,200,15,1.0,ok,,Diag-GMM,0.9701630024547008,0.9448226683515416,0.10016048999932536,3,,,,,,,,,,,,,
cluster_specific,1,600,200,15,1.0,ok,,DIVI-Info,0.9701630024547008,0.9448226683515416,3.021182841999689,3,0.7894736842105263,1.0,23.0,1.0,1.0,0.830748438835144,1.0,0.9472176432609558,1.0,0.8369314074516296,1.0,0.25470516085624695,0.6169273853302002
cluster_specific,2,600,200,15,1.0,ok,,K-means,0.9652985275324028,0.9415785886201078,0.17896841499896254,3,,,,,,,,,,,,,
cluster_specific,2,600,200,15,1.0,ok,,Diag-GMM,0.9555021728696192,0.924630608338273,0.12128776800091146,3,,,,,,,,,,,,,
cluster_specific,2,600,200,15,1.0,ok,,DIVI-Info,0.9800962940103582,0.9639095588301362,2.30982984900038,3,0.8108108108108109,1.0,22.0,1.0,1.0,0.9467961192131042,1.0,0.9496286511421204,1.0,0.9461976289749146,1.0,0.21356265246868134,0.7339782118797302
cluster_specific,3,600,200,15,1.0,ok,,K-means,0.9800971316204999,0.9667901920428031,0.105703363999055,3,,,,,,,,,,,,,
cluster_specific,3,600,200,15,1.0,ok,,Diag-GMM,0.9949958125176231,0.990445010867515,0.09817373400073848,3,,,,,,,,,,,,,
cluster_specific,3,600,200,15,1.0,ok,,DIVI-Info,0.9949958125176231,0.990445010867515,2.3907941359993856,3,0.9375,1.0,17.0,1.0,1.0,0.9441628456115723,1.0,0.9391342401504517,1.0,0.9402653574943542,1.0,0.18913592398166656,0.7520516514778137
cluster_specific,4,600,200,15,1.0,ok,,K-means,0.9652345048462752,0.9373854747669776,0.12040413300019281,3,,,,,,,,,,,,,
cluster_specific,4,600,200,15,1.0,ok,,Diag-GMM,0.9701630024547008,0.9448226683515416,0.08731790099955106,3,,,,,,,,,,,,,
cluster_specific,4,600,200,15,1.0,ok,,DIVI-Info,0.9701630024547008,0.9448226683515416,2.4525511209994875,3,0.8823529411764706,1.0,19.0,1.0,1.0,0.9483412504196167,1.0,0.9459189176559448,1.0,0.9484640955924988,1.0,0.2307819277048111,0.7167928814888
cluster_specific,5,600,200,15,1.0,ok,,K-means,0.9800459591868133,0.961799045056065,0.13185249299931456,3,,,,,,,,,,,,,
cluster_specific,5,600,200,15,1.0,ok,,Diag-GMM,0.9701640069788814,0.9469168085477443,0.10531169099886029,3,,,,,,,,,,,,,
cluster_specific,5,600,200,15,1.0,ok,,DIVI-Info,0.980096629062875,0.9667907781859975,2.4068322709990753,3,0.8333333333333334,1.0,21.0,1.0,1.0,0.9421927332878113,1.0,0.9447407722473145,1.0,0.9442521929740906,1.0,0.21909315884113312,0.7246353626251221
cluster_specific,6,600,200,15,1.0,ok,,K-means,0.9505356735619442,0.915888402594834,0.16189599000063026,3,,,,,,,,,,,,,
cluster_specific,6,600,200,15,1.0,ok,,Diag-GMM,0.9602198478427416,0.9328009560867377,0.1216511040001933,3,,,,,,,,,,,,,
cluster_specific,6,600,200,15,1.0,ok,,DIVI-Info,0.9750922534721149,0.9543543436461219,2.872528217998479,3,0.8823529411764706,1.0,19.0,1.0,1.0,0.9472836256027222,1.0,0.94683438539505,1.0,0.9444684982299805,1.0,0.21640467643737793,0.7297908067703247
cluster_specific,7,600,200,15,1.0,ok,,K-means,0.955440027133204,0.9254121334881715,0.16884895700059133,3,,,,,,,,,,,,,
cluster_specific,7,600,200,15,1.0,ok,,Diag-GMM,0.9554639855891729,0.9254212077414682,0.14693391900073038,3,,,,,,,,,,,,,
cluster_specific,7,600,200,15,1.0,ok,,DIVI-Info,0.9702134204628865,0.9498147012374203,2.8043473140005517,3,0.9375,1.0,17.0,1.0,1.0,0.9401246905326843,1.0,0.9414310455322266,1.0,0.9475002288818359,1.0,0.21146990358829498,0.7315487861633301
cluster_specific,8,600,200,15,1.0,ok,,K-means,0.9750549434190664,0.9564379976474378,0.1327793920008844,3,,,,,,,,,,,,,
cluster_specific,8,600,200,15,1.0,ok,,Diag-GMM,0.9750802361778215,0.9572315126959803,0.08433186499860312,3,,,,,,,,,,,,,
cluster_specific,8,600,200,15,1.0,ok,,DIVI-Info,0.9800710428333415,0.9639021522110472,2.2878077039986238,3,0.9090909090909091,1.0,18.0,1.0,1.0,0.9458405375480652,1.0,0.9452329874038696,1.0,0.9449952244758606,1.0,0.22237905859947205,0.7229771614074707
cluster_specific,9,600,200,15,1.0,ok,,K-means,0.940728091595778,0.9005070829018301,0.10521749899999122,3,,,,,,,,,,,,,
cluster_specific,9,600,200,15,1.0,ok,,Diag-GMM,0.9700887585727752,0.9468938214354017,0.08914085600008548,3,,,,,,,,,,,,,
cluster_specific,9,600,200,15,1.0,ok,,DIVI-Info,0.9701386728410242,0.9476956929254717,2.3165862649984774,3,0.8823529411764706,1.0,19.0,1.0,1.0,0.9440121650695801,1.0,0.9448822736740112,1.0,0.9449596405029297,1.0,0.21283899247646332,0.7317789793014526
cluster_specific,10,600,200,15,1.0,ok,,K-means,0.9701523448504807,0.9510876757009828,0.11203987100088852,3,,,,,,,,,,,,,
cluster_specific,10,600,200,15,1.0,ok,,Diag-GMM,0.9651739949856187,0.9402449252706307,0.08497664499918756,3,,,,,,,,,,,,,
cluster_specific,10,600,200,15,1.0,ok,,DIVI-Info,0.9850001687576281,0.9713385371065006,2.270566423998389,3,0.9090909090909091,1.0,18.0,1.0,1.0,0.9433010220527649,1.0,0.9457715749740601,1.0,0.9438708424568176,1.0,0.20817039906978607,0.7361441254615784
cluster_specific,11,600,200,15,1.0,ok,,K-means,0.9651604278276399,0.9402427222936499,0.1312372400007007,3,,,,,,,,,,,,,
cluster_specific,11,600,200,15,1.0,ok,,Diag-GMM,0.9750060396133735,0.9593031274262056,0.08191490100034571,3,,,,,,,,,,,,,
cluster_specific,11,600,200,15,1.0,ok,,DIVI-Info,0.9800710428333415,0.9639021522110472,2.5953200200001447,3,0.9090909090909091,1.0,18.0,1.0,1.0,0.9431314468383789,1.0,0.9482713937759399,1.0,0.9434450268745422,1.0,0.21937181055545807,0.7255774736404419
cluster_specific,12,600,200,15,1.0,ok,,K-means,0.9554901931595106,0.9267214658603936,0.14687415799926384,3,,,,,,,,,,,,,
cluster_specific,12,600,200,15,1.0,ok,,Diag-GMM,0.9604054639552292,0.9357432224189723,0.10993706400040537,3,,,,,,,,,,,,,
cluster_specific,12,600,200,15,1.0,ok,,DIVI-Info,0.9360044624196844,0.900362717999118,3.2023299299999053,3,0.5416666666666666,0.8,33.0,0.9621621621621622,0.8758827927306188,0.9046715497970581,1.0,0.5524948835372925,0.4,0.9502681493759155,1.0,0.2863682210445404,0.5161099433898926
cluster_specific,13,600,200,15,1.0,ok,,K-means,0.960232890925242,0.9328039493503926,0.1680375140003889,3,,,,,,,,,,,,,
cluster_specific,13,600,200,15,1.0,ok,,Diag-GMM,0.9750802361778215,0.9564453076920119,0.12871445100063283,3,,,,,,,,,,,,,
cluster_specific,13,600,200,15,1.0,ok,,DIVI-Info,0.9800218844810689,0.9667674397511058,2.2058675610005594,3,0.8333333333333334,1.0,21.0,1.0,1.0,0.9438392519950867,1.0,0.9436626434326172,1.0,0.9371069073677063,1.0,0.21489043533802032,0.726645827293396
cluster_specific,14,600,200,15,1.0,ok,,K-means,0.9651722362366754,0.9394611148898279,0.11060034299953259,3,,,,,,,,,,,,,
cluster_specific,14,600,200,15,1.0,ok,,Diag-GMM,0.9701640069788814,0.9469168085477441,0.07471708800039778,3,,,,,,,,,,,,,
cluster_specific,14,600,200,15,1.0,ok,,DIVI-Info,0.9651497931802611,0.9423320271681258,2.491283896000823,3,0.9375,1.0,17.0,1.0,1.0,0.9446096420288086,1.0,0.9393793344497681,1.0,0.9435763359069824,1.0,0.21148629486560822,0.7310355305671692
cluster_specific,15,600,200,15,1.0,ok,,K-means,0.9801340027693001,0.9668025935330152,0.09943240800021158,3,,,,,,,,,,,,,
cluster_specific,15,600,200,15,1.0,ok,,Diag-GMM,0.9900168347249766,0.9829929733076637,0.08569348600030935,3,,,,,,,,,,,,,
cluster_specific,15,600,200,15,1.0,ok,,DIVI-Info,0.9900168347249766,0.9829929733076634,2.339297403001183,3,0.9090909090909091,1.0,18.0,1.0,1.0,0.9455848932266235,1.0,0.9453917741775513,1.0,0.9474655389785767,1.0,0.20976296067237854,0.7363842725753784
cluster_specific,16,600,200,15,1.0,ok,,K-means,0.9602552966092157,0.9278381791153183,0.09478317100001732,3,,,,,,,,,,,,,
cluster_specific,16,600,200,15,1.0,ok,,Diag-GMM,0.9602559656586331,0.9307189308496303,0.08862594700076443,3,,,,,,,,,,,,,
cluster_specific,16,600,200,15,1.0,ok,,DIVI-Info,0.9751803584848328,0.9572623507831152,2.377505596999981,3,0.8108108108108109,1.0,22.0,1.0,1.0,0.9460769891738892,1.0,0.9402674436569214,1.0,0.9411709904670715,1.0,0.2190542221069336,0.7234508991241455
cluster_specific,17,600,200,15,1.0,ok,,K-means,0.955451256281407,0.9233221840955824,0.18384513599994534,3,,,,,,,,,,,,,
cluster_specific,17,600,200,15,1.0,ok,,Diag-GMM,0.9800584170854272,0.961802982619282,0.11983088300075906,3,,,,,,,,,,,,,
cluster_specific,17,600,200,15,1.0,ok,,DIVI-Info,0.9900041668585104,0.9808938144286627,2.7418527619993256,3,0.8823529411764706,1.0,19.0,1.0,1.0,0.9476665258407593,1.0,0.9452540278434753,1.0,0.9409270286560059,1.0,0.22826434671878815,0.7163515686988831
cluster_specific,18,600,200,15,1.0,ok,,K-means,0.9554684834771886,0.9308854881590554,0.16114721300073143,3,,,,,,,,,,,,,
cluster_specific,18,600,200,15,1.0,ok,,Diag-GMM,0.9751552754716795,0.9593502610771927,0.13179036300061853,3,,,,,,,,,,,,,
cluster_specific,18,600,200,15,1.0,ok,,DIVI-Info,0.965322734315595,0.9436829086229901,2.8602218670002912,3,0.8571428571428571,1.0,20.0,1.0,1.0,0.9375768899917603,1.0,0.9401521682739258,1.0,0.942727267742157,1.0,0.21785780787467957,0.7222943305969238
cluster_specific,19,600,200,15,1.0,ok,,K-means,0.9750549434190664,0.9543423859445153,0.10624680100045225,3,,,,,,,,,,,,,
cluster_specific,19,600,200,15,1.0,ok,,Diag-GMM,0.9750922534721149,0.9543543436461219,0.0902764920010668,3,,,,,,,,,,,,,
cluster_specific,19,600,200,15,1.0,ok,,DIVI-Info,0.9850001687576281,0.9713385371065006,2.3993266100005712,3,0.9090909090909091,1.0,18.0,1.0,1.0,0.947881817817688,1.0,0.9454264640808105,1.0,0.9458566904067993,1.0,0.21945631504058838,0.7269319891929626
cluster_specific,20,600,200,15,1.0,ok,,K-means,0.9750793971742288,0.9522554721223194,0.14036854700134427,3,,,,,,,,,,,,,
cluster_specific,20,600,200,15,1.0,ok,,Diag-GMM,0.9750793971742288,0.9522554721223196,0.10839217099965026,3,,,,,,,,,,,,,
cluster_specific,20,600,200,15,1.0,ok,,DIVI-Info,0.9651722362366754,0.9373657428570601,2.369130416000189,3,0.9090909090909091,1.0,18.0,1.0,1.0,0.9400264024734497,1.0,0.9362512826919556,1.0,0.9447185397148132,1.0,0.20508044958114624,0.7352516055107117
